pair,interval_min,uncompressed_bytes,archive_dir,member_date
ADAUSD,1,127510368,master_q4,01-24-2026
ADAUSD,5,40102349,master_q4,01-24-2026
ADAUSD,15,15330284,master_q4,01-24-2026
ADAUSD,30,2006412,master_q4,01-24-2026
ADAUSD,60,4171378,master_q4,01-24-2026
ADAUSD,240,299839,master_q4,01-24-2026
ADAUSD,720,363698,master_q4,01-24-2026
ADAUSD,1440,182546,master_q4,01-24-2026
AUDJPY,1,586163,master_q4,01-24-2026
AUDJPY,5,496681,master_q4,01-24-2026
AUDJPY,15,427755,master_q4,01-24-2026
AUDJPY,30,132563,master_q4,01-24-2026
AUDJPY,60,329119,master_q4,01-24-2026
AUDJPY,240,93694,master_q4,01-24-2026
AUDJPY,720,122651,master_q4,01-24-2026
AUDJPY,1440,78292,master_q4,01-24-2026
AUDUSD,1,40584605,master_q4,01-24-2026
AUDUSD,5,19858816,master_q4,01-24-2026
AUDUSD,15,9228125,master_q4,01-24-2026
AUDUSD,30,1787799,master_q4,01-24-2026
AUDUSD,60,2748000,master_q4,01-24-2026
AUDUSD,240,275249,master_q4,01-24-2026
AUDUSD,720,255788,master_q4,01-24-2026
AUDUSD,1440,130137,master_q4,01-24-2026
ETHUSD,1,222926967,master_q4,01-24-2026
ETHUSD,5,54252872,master_q4,01-24-2026
ETHUSD,15,19278275,master_q4,01-24-2026
ETHUSD,30,1810438,master_q4,01-24-2026
ETHUSD,60,5097630,master_q4,01-24-2026
ETHUSD,240,268728,master_q4,01-24-2026
ETHUSD,720,460744,master_q4,01-24-2026
ETHUSD,1440,235628,master_q4,01-24-2026
EURAUD,1,6656475,master_q4,01-24-2026
EURAUD,5,4584333,master_q4,01-24-2026
EURAUD,15,3200492,master_q4,01-24-2026
EURAUD,30,563902,master_q4,01-24-2026
EURAUD,60,1652559,master_q4,01-24-2026
EURAUD,240,209242,master_q4,01-24-2026
EURAUD,720,236733,master_q4,01-24-2026
EURAUD,1440,122007,master_q4,01-24-2026
EURCAD,1,5633389,master_q4,01-24-2026
EURCAD,5,3933016,master_q4,01-24-2026
EURCAD,15,2777725,master_q4,01-24-2026
EURCAD,30,603985,master_q4,01-24-2026
EURCAD,60,1490630,master_q4,01-24-2026
EURCAD,240,211247,master_q4,01-24-2026
EURCAD,720,242270,master_q4,01-24-2026
EURCAD,1440,126772,master_q4,01-24-2026
EURCHF,1,53774051,master_q4,01-24-2026
EURCHF,5,21937879,master_q4,01-24-2026
EURCHF,15,9685702,master_q4,01-24-2026
EURCHF,30,1718491,master_q4,01-24-2026
EURCHF,60,2871579,master_q4,01-24-2026
EURCHF,240,271276,master_q4,01-24-2026
EURCHF,720,267534,master_q4,01-24-2026
EURCHF,1440,135808,master_q4,01-24-2026
EURGBP,1,57248488,master_q4,01-24-2026
EURGBP,5,24386802,master_q4,01-24-2026
EURGBP,15,10432784,master_q4,01-24-2026
EURGBP,30,1829329,master_q4,01-24-2026
EURGBP,60,2968114,master_q4,01-24-2026
EURGBP,240,277715,master_q4,01-24-2026
EURGBP,720,271322,master_q4,01-24-2026
EURGBP,1440,137537,master_q4,01-24-2026
EURJPY,1,2424548,master_q4,01-24-2026
EURJPY,5,1850254,master_q4,01-24-2026
EURJPY,15,1449340,master_q4,01-24-2026
EURJPY,30,396422,master_q4,01-24-2026
EURJPY,60,933511,master_q4,01-24-2026
EURJPY,240,182440,master_q4,01-24-2026
EURJPY,720,217975,master_q4,01-24-2026
EURJPY,1440,120409,master_q4,01-24-2026
EURUSD,1,151660991,master_q4,01-24-2026
EURUSD,5,35698811,master_q4,01-24-2026
EURUSD,15,12441667,master_q4,01-24-2026
EURUSD,30,1940231,master_q4,01-24-2026
EURUSD,60,3236373,master_q4,01-24-2026
EURUSD,240,287986,master_q4,01-24-2026
EURUSD,720,279489,master_q4,01-24-2026
EURUSD,1440,140707,master_q4,01-24-2026
GBPUSD,1,94181305,master_q4,01-24-2026
GBPUSD,5,29690073,master_q4,01-24-2026
GBPUSD,15,11203305,master_q4,01-24-2026
GBPUSD,30,1863001,master_q4,01-24-2026
GBPUSD,60,3035234,master_q4,01-24-2026
GBPUSD,240,281380,master_q4,01-24-2026
GBPUSD,720,273949,master_q4,01-24-2026
GBPUSD,1440,138141,master_q4,01-24-2026
LINKUSD,1,99797060,master_q4,01-24-2026
LINKUSD,5,33740567,master_q4,01-24-2026
LINKUSD,15,12705992,master_q4,01-24-2026
LINKUSD,30,1933153,master_q4,01-24-2026
LINKUSD,60,3384088,master_q4,01-24-2026
LINKUSD,240,287652,master_q4,01-24-2026
LINKUSD,720,300100,master_q4,01-24-2026
LINKUSD,1440,152065,master_q4,01-24-2026
PAXGUSD,1,24933842,master_q4,01-24-2026
PAXGUSD,5,14502412,master_q4,01-24-2026
PAXGUSD,15,7997015,master_q4,01-24-2026
PAXGUSD,30,1548363,master_q4,01-24-2026
PAXGUSD,60,2783966,master_q4,01-24-2026
PAXGUSD,240,251885,master_q4,01-24-2026
PAXGUSD,720,261417,master_q4,01-24-2026
PAXGUSD,1440,132399,master_q4,01-24-2026
SOLUSD,1,99247200,master_q4,01-24-2026
SOLUSD,5,24544504,master_q4,01-24-2026
SOLUSD,15,8521096,master_q4,01-24-2026
SOLUSD,30,1725715,master_q4,01-24-2026
SOLUSD,60,2196067,master_q4,01-24-2026
SOLUSD,240,260340,master_q4,01-24-2026
SOLUSD,720,195749,master_q4,01-24-2026
SOLUSD,1440,99380,master_q4,01-24-2026
USDCAD,1,76384888,master_q4,01-24-2026
USDCAD,5,26958181,master_q4,01-24-2026
USDCAD,15,10743478,master_q4,01-24-2026
USDCAD,30,1850352,master_q4,01-24-2026
USDCAD,60,2972816,master_q4,01-24-2026
USDCAD,240,278469,master_q4,01-24-2026
USDCAD,720,270103,master_q4,01-24-2026
USDCAD,1440,136620,master_q4,01-24-2026
USDCHF,1,91634277,master_q4,01-24-2026
USDCHF,5,27814519,master_q4,01-24-2026
USDCHF,15,10693991,master_q4,01-24-2026
USDCHF,30,1848209,master_q4,01-24-2026
USDCHF,60,2948310,master_q4,01-24-2026
USDCHF,240,279110,master_q4,01-24-2026
USDCHF,720,271184,master_q4,01-24-2026
USDCHF,1440,137086,master_q4,01-24-2026
USDJPY,1,5422284,master_q4,01-24-2026
USDJPY,5,3755360,master_q4,01-24-2026
USDJPY,15,2647484,master_q4,01-24-2026
USDJPY,30,551172,master_q4,01-24-2026
USDJPY,60,1447106,master_q4,01-24-2026
USDJPY,240,210535,master_q4,01-24-2026
USDJPY,720,238852,master_q4,01-24-2026
USDJPY,1440,125023,master_q4,01-24-2026
XBTUSD,1,256666564,master_q4,01-24-2026
XBTUSD,5,58087690,master_q4,01-24-2026
XBTUSD,15,20724989,master_q4,01-24-2026
XBTUSD,30,1836905,master_q4,01-24-2026
XBTUSD,60,5640237,master_q4,01-24-2026
XBTUSD,240,272775,master_q4,01-24-2026
XBTUSD,720,540095,master_q4,01-24-2026
XBTUSD,1440,277341,master_q4,01-24-2026
XRPUSD,1,165900795,master_q4,01-24-2026
XRPUSD,5,49616193,master_q4,01-24-2026
XRPUSD,15,18118184,master_q4,01-24-2026
XRPUSD,30,1918123,master_q4,01-24-2026
XRPUSD,60,4730963,master_q4,01-24-2026
XRPUSD,240,284590,master_q4,01-24-2026
XRPUSD,720,409743,master_q4,01-24-2026
XRPUSD,1440,205574,master_q4,01-24-2026
