midx,mom_tercile,ew_ret,n
23683,1,-0.024920739246188782,14
23683,2,-0.03341475201153428,14
23683,3,-0.031858796161280546,14
23684,1,0.089524139535914,14
23684,2,0.04263219066145977,14
23684,3,0.04585734695802211,14
23685,1,-0.023532508396589026,15
23685,2,0.005272130278407427,14
23685,3,0.04837867179119036,14
23686,1,-0.1521444436141323,15
23686,2,-0.14220691798355933,14
23686,3,-0.1072663661920392,14
23687,1,-0.04466473933924335,15
23687,2,0.017501128451395107,14
23687,3,0.03724600371371586,14
23688,1,0.08433391267535588,15
23688,2,0.0015638581908715482,14
23688,3,-0.041441092014948486,14
23689,1,-2.39956203764304e-4,15
23689,2,-0.013630625496853253,14
23689,3,0.006631093815681211,14
23690,1,0.004994467614587057,15
23690,2,0.003662375922446136,15
23690,3,-0.04039889273470646,14
23691,1,-0.062149902631987955,24
23691,2,-0.06671128460180956,24
23691,3,-0.020592233212263687,23
23692,1,-0.0049991062944075996,24
23692,2,-0.03018883826666304,24
23692,3,-0.043207509121762924,24
23693,1,-0.018127960076090265,24
23693,2,-0.037091413270758704,24
23693,3,-0.023078573749192588,24
23694,1,-0.01228100930028694,28
23694,2,-0.05726011130966693,27
23694,3,-0.08380875200400396,27
23695,1,-0.08956096615007672,28
23695,2,-0.09403725963787994,27
23695,3,-0.07094168437228593,27
23696,1,-0.1093138281952005,28
23696,2,-0.12226341878702758,27
23696,3,-0.11153645033424518,27
23697,1,0.2089697220076086,28
23697,2,0.17978477222549943,27
23697,3,0.11219500553877475,27
23698,1,-0.05457453237693435,28
23698,2,-0.03993296774643358,27
23698,3,-0.04460421301625797,27
23699,1,-0.025634990380547312,28
23699,2,-0.04966902774673624,28
23699,3,-0.006541292883826502,27
23700,1,0.2775562067886325,28
23700,2,0.15363402010042346,28
23700,3,0.11320757443482518,27
23701,1,0.059288839433412156,28
23701,2,0.07736016066669292,28
23701,3,0.05966281342544142,27
23702,1,0.09289642753049446,28
23702,2,0.04929584004691242,28
23702,3,0.03345293272863901,27
23703,1,0.04455317030892534,28
23703,2,0.03813008101154438,28
23703,3,0.049269418965705705,27
23704,1,0.061080642091723245,28
23704,2,0.05245431618309108,28
23704,3,0.09212277968793936,27
23705,1,0.04825481111555078,28
23705,2,0.05117102022039995,28
23705,3,0.06946173610833657,27
23706,1,-0.07459361507263484,28
23706,2,-0.054576836413542024,28
23706,3,-0.048321488840182975,27
23707,1,-0.04810171043140788,28
23707,2,-0.029857979492599867,28
23707,3,-0.02030167165416815,27
23708,1,-0.047016369338739344,28
23708,2,-0.037119399985490936,28
23708,3,-0.028213719627790557,27
23709,1,0.056403020875964036,28
23709,2,0.06499098057905242,28
23709,3,0.07791554735733298,27
23710,1,0.037191740421319716,28
23710,2,0.03445971937596169,28
23710,3,0.01872733878341521,27
23711,1,-0.018711409801194304,28
23711,2,-0.01617048099133449,28
23711,3,-0.019636819486260535,27
23712,1,0.10113027397880056,28
23712,2,0.11588114008672681,28
23712,3,0.15449337443392322,27
23713,1,0.007626655140177707,28
23713,2,0.0014155584867300841,28
23713,3,-0.012488538544718394,28
23714,1,0.006400260813690033,28
23714,2,0.033537411100828446,28
23714,3,0.03418071650638553,28
23715,1,-0.013712963525374405,28
23715,2,-0.0016405213054160972,28
23715,3,-0.004135477477614636,28
23716,1,-0.018006884465459595,28
23716,2,-0.02537879396904682,28
23716,3,-0.018689318440278824,28
23717,1,0.03794185953084143,28
23717,2,0.05283035472989066,28
23717,3,0.05580002930981254,28
23718,1,0.009469469210808955,28
23718,2,0.006548407576014902,28
23718,3,-0.006650149974712305,28
23719,1,-0.002757496421396069,29
23719,2,-0.0111896932530074,28
23719,3,0.008564589657913438,28
23720,1,0.018383928955687315,29
23720,2,0.037621632250317324,28
23720,3,0.028769264968348845,28
23721,1,-0.033973495286595136,29
23721,2,-0.023289729548485866,28
23721,3,-0.033116859702028115,28
23722,1,-0.023158911992645238,29
23722,2,-0.013551110636001049,28
23722,3,0.02359398634135465,28
23723,1,0.04892119891665823,29
23723,2,0.05381125095242819,28
23723,3,0.06482209670819702,28
23724,1,-0.0740086248974267,29
23724,2,-0.019609702716120763,29
23724,3,-0.033202099535552934,29
23725,1,-0.01766489018816946,29
23725,2,-0.019744925253577666,29
23725,3,-0.01333479747721513,29
23726,1,-0.0078465200984364,29
23726,2,-0.0036486595055304216,29
23726,3,0.00938772050387056,29
23727,1,-0.01591389439439998,29
23727,2,0.004612563463083263,29
23727,3,0.022766950849026652,29
23728,1,0.0012052717831044263,29
23728,2,0.0011615704445468267,29
23728,3,0.02313144619044103,29
23729,1,0.051411745982769035,29
23729,2,0.056983467780190776,29
23729,3,0.051802350735513494,29
23730,1,-0.01247431200917688,29
23730,2,0.004699159851477334,29
23730,3,-0.0037810113643647002,29
23731,1,0.013144055853744445,29
23731,2,-0.00992274866342361,29
23731,3,-0.019042250047782563,29
23732,1,-0.014762022130662671,29
23732,2,3.606833499412226e-4,29
23732,3,0.00778298934655488,29
23733,1,-0.05795716394330423,29
23733,2,-0.035578821444089415,29
23733,3,-0.03185783306216584,29
23734,1,0.029914980673709273,29
23734,2,0.054291039039499826,29
23734,3,0.04941293380201063,29
23735,1,-0.00227987572434731,29
23735,2,0.010021678808907895,29
23735,3,0.007206455670639462,29
23736,1,-0.0562385222172134,29
23736,2,-0.056249530435322506,29
23736,3,-0.04994883976685506,29
23737,1,-0.023481011839626767,29
23737,2,-0.018757767967309283,29
23737,3,0.010050741238741156,29
23738,1,0.04619717537865354,30
23738,2,0.01901425088676457,29
23738,3,0.05581671767670291,29
23739,1,0.09661026142558504,30
23739,2,0.08956092463811204,29
23739,3,0.07833547258772255,29
23740,1,0.02314852664267743,30
23740,2,0.019167422947383845,29
23740,3,0.049425972534552595,29
23741,1,-0.0022926610214272967,30
23741,2,0.0024057443659611343,29
23741,3,-0.006939839200230631,29
23742,1,0.0423874652443405,30
23742,2,0.042791368345796624,29
23742,3,0.07959280745158019,29
23743,1,0.03692880297449137,30
23743,2,0.0422524915342907,29
23743,3,0.038107207422428534,29
23744,1,-0.007682979207969444,30
23744,2,-0.02371323547036114,29
23744,3,-0.024875422381663327,29
23745,1,-0.10107794776737555,30
23745,2,-0.07586647982071032,29
23745,3,-0.1402719687093666,29
23746,1,0.016870900372660824,30
23746,2,0.027691748022221286,29
23746,3,0.03753849930626987,29
23747,1,-0.0057694344963170165,30
23747,2,0.015124960439503628,29
23747,3,0.030670418799776656,29
23748,1,0.06834969115644983,30
23748,2,0.02035792634898433,29
23748,3,0.04251085575772459,29
23749,1,-0.03351733363646365,30
23749,2,-0.03656742937888362,29
23749,3,-0.06765015835061573,29
23750,1,0.042534856849366656,30
23750,2,0.037734974344293744,29
23750,3,0.06354257291045369,29
23751,1,-0.006565034163151056,30
23751,2,0.0027379273115596507,29
23751,3,0.005032210718465498,29
23752,1,-0.004645566930862575,30
23752,2,-0.008954815376079958,29
23752,3,-0.03485040674216009,29
23753,1,0.037939604349118,30
23753,2,0.021717495635114888,30
23753,3,0.040454046149287146,29
23754,1,0.020626795856919383,30
23754,2,0.009101368091937598,30
23754,3,0.02007564905295394,29
23755,1,0.07386923833936121,30
23755,2,0.055033892102598805,30
23755,3,0.08363361954962266,29
23756,1,-0.01474855981825338,30
23756,2,-0.02340657069248247,30
23756,3,0.004427156994133357,29
23757,1,-0.09543641509732598,30
23757,2,-0.0735464363905198,30
23757,3,-0.0537898848603127,29
23758,1,0.07337764886985,30
23758,2,0.03563759550023045,30
23758,3,0.07184925779995349,29
23759,1,-0.019538485438593146,30
23759,2,0.017024810313759426,30
23759,3,0.03904754923884518,29
23760,1,0.024652245336953135,30
23760,2,0.00955208875338976,30
23760,3,0.10781453515937621,30
23761,1,-0.0512603275386651,30
23761,2,-0.06270783321400596,30
23761,3,-0.035635982924361015,30
23762,1,-0.060606069645572046,31
23762,2,-0.03640492418377896,30
23762,3,-0.10386173503351626,30
23763,1,0.08526138521041077,31
23763,2,0.058143790271179385,30
23763,3,0.024235354366706905,30
23764,1,0.05619114268721578,31
23764,2,0.055649931093145824,30
23764,3,0.044707023209923875,30
23765,1,0.034863532397869615,31
23765,2,0.023022839154398712,30
23765,3,0.01597002275206601,30
23766,1,0.06569472556212244,31
23766,2,0.0531986620638196,31
23766,3,0.1096871511232816,30
23767,1,-0.01624408854067398,31
23767,2,-0.0041724395133648645,31
23767,3,0.04368869513357148,30
23768,1,0.005436719619029679,31
23768,2,0.002715573747450158,31
23768,3,0.023620114097624635,30
23769,1,-0.023261465206846264,31
23769,2,-0.0244521169769131,31
23769,3,4.5609434652724155e-5,30
23770,1,-4.00204002496074e-4,31
23770,2,0.02077546954922668,31
23770,3,0.1250262817636633,30
23771,1,0.026287455628226725,31
23771,2,0.019496301944433286,31
23771,3,-0.015285448950752952,30
23772,1,0.013339486023098599,31
23772,2,-6.986805135416642e-4,31
23772,3,-0.04739270161348927,30
23773,1,0.0046664561972086125,31
23773,2,0.04247777345655733,31
23773,3,0.03050955230039696,30
23774,1,0.08763025632690657,32
23774,2,0.052778818584126586,32
23774,3,0.05404230027223407,31
23775,1,0.002593545622774591,32
23775,2,0.00882035682700718,32
23775,3,0.009519153511168318,31
23776,1,0.025198326595243414,53
23776,2,0.004267836273168604,53
23776,3,0.02356323268794271,52
23777,1,0.008824049366138936,53
23777,2,-0.008066608044715338,53
23777,3,-0.022673763130864503,52
23778,1,-0.011363637020427739,53
23778,2,-0.03239859983129182,53
23778,3,-0.04950991139997969,52
23779,1,-0.03706452961724139,53
23779,2,-0.051397784977980025,53
23779,3,-0.06808129733906357,53
23780,1,-0.041125981875206864,53
23780,2,-0.05258134635342862,53
23780,3,-0.051146523908142935,53
23781,1,0.041943371629843136,53
23781,2,0.056687854956039174,53
23781,3,0.0787940037054908,53
23782,1,0.0216538361563003,53
23782,2,0.05015001299585695,53
23782,3,0.03681750558332489,53
23783,1,-0.012103460301067272,54
23783,2,-0.014166269297457155,54
23783,3,-0.008989756612349669,54
23784,1,-0.016066052428856427,55
23784,2,0.005925489626959648,55
23784,3,-0.0030273475783001436,54
23785,1,-0.06044562747788848,56
23785,2,-0.011130754078227693,55
23785,3,-0.0073172640886630036,55
23786,1,-0.0010902626906376415,56
23786,2,0.009688463101766265,55
23786,3,0.02599948208838257,55
23787,1,0.04370634714108705,56
23787,2,0.045339908672446846,56
23787,3,0.036635457972824276,55
23788,1,-0.04058669884166118,56
23788,2,-0.025366146767545762,56
23788,3,-0.025283147049120634,55
23789,1,-0.0326686291887466,56
23789,2,-0.007423826966877692,56
23789,3,-0.0038877786574142486,55
23790,1,-0.028171966411582306,56
23790,2,-9.01961915123449e-6,56
23790,3,-0.004925969787007556,55
23791,1,0.14087856781654318,56
23791,2,0.10021977678595034,56
23791,3,0.09919598791434733,55
23792,1,0.002916773032176634,56
23792,2,0.034980310707539944,56
23792,3,0.04097905973916433,56
23793,1,0.13663327589573387,56
23793,2,0.12551606644687116,56
23793,3,0.10740049572129115,56
23794,1,0.07420532962556087,57
23794,2,0.04740543112915267,56
23794,3,0.08199995601857443,56
23795,1,0.01170758966399698,57
23795,2,0.011616434415808004,57
23795,3,0.01477636539611134,56
23796,1,0.05957682845753893,57
23796,2,0.016966715807910794,57
23796,3,0.05974905791453573,56
23797,1,0.029655889911394864,57
23797,2,0.03913949855032135,57
23797,3,0.04639051611911637,56
23798,1,0.030508479701297424,61
23798,2,0.028068563535630267,60
23798,3,0.05769779069227851,60
23799,1,0.08583184877880122,61
23799,2,0.0511290926509484,60
23799,3,0.04739880199203018,60
23800,1,0.027610101262685354,61
23800,2,0.005850612648576037,60
23800,3,0.04790457541751282,60
23801,1,0.016461923940733043,61
23801,2,0.024889218388264814,61
23801,3,0.060230079039436696,60
23802,1,-0.018426376000326903,61
23802,2,-0.02406324328119109,61
23802,3,-0.048944851187810716,60
23803,1,-0.0024696821339450143,61
23803,2,-0.0031645855742266013,61
23803,3,-0.0066852462353530215,61
23804,1,0.053361836844932835,61
23804,2,0.024758193726563134,61
23804,3,0.020178818601956448,61
23805,1,0.02130090883675803,61
23805,2,-0.014626037656071652,61
23805,3,-0.054315171776760734,61
23806,1,0.007048611703365705,61
23806,2,0.038746917702532066,61
23806,3,0.04933421827850047,61
23807,1,-0.01884987944417953,61
23807,2,-0.008805575326672163,61
23807,3,0.010384796126237921,61
23808,1,-0.016774922922069207,61
23808,2,-0.011005209329795797,61
23808,3,-0.0433084757974196,61
23809,1,-0.04662370712569675,61
23809,2,-0.04538825072775141,61
23809,3,-0.05127896461224245,61
23810,1,0.01151922985356226,62
23810,2,0.01268176981173284,61
23810,3,0.015061099422463376,61
23811,1,-0.003972242353743541,62
23811,2,0.017610244806523394,61
23811,3,0.017537642285949544,61
23812,1,-0.04480244634528938,62
23812,2,-0.050699394766456254,61
23812,3,-0.05327619180385564,61
23813,1,0.01307394278942805,62
23813,2,0.04570130072351545,61
23813,3,0.02586055385769854,61
23814,1,-0.03262204537475526,62
23814,2,-0.012298350711880774,61
23814,3,-0.017829099507104658,61
23815,1,0.12222229161611457,62
23815,2,0.1341707437116479,62
23815,3,0.0814879049338609,61
23816,1,-0.012256824586515521,63
23816,2,-0.005951068619957499,62
23816,3,0.01079698832312546,62
23817,1,-0.020717368978012272,64
23817,2,0.011387187094898932,63
23817,3,0.019623444122880272,63
23818,1,0.0040953001468599474,64
23818,2,-6.4178464100236e-4,64
23818,3,-0.002062801595245445,63
23819,1,0.025024375642161076,65
23819,2,0.02735149801433145,64
23819,3,0.037256233662527595,64
23820,1,0.14553115060626254,66
23820,2,0.0869821270081084,65
23820,3,0.09320434892700533,65
23821,1,0.002327938497968172,66
23821,2,0.017937816362317848,66
23821,3,0.03427453253613925,65
23822,1,-0.008497102802647883,66
23822,2,0.0032189820068790056,66
23822,3,0.010028321889242001,65
23823,1,-0.005899072045773747,66
23823,2,-0.001196191165372963,66
23823,3,0.0060077657095321665,65
23824,1,0.06460834564191317,66
23824,2,0.06446988954661123,66
23824,3,0.07683367168411623,65
23825,1,0.013908479783484758,66
23825,2,0.021929401614849263,66
23825,3,0.03844868110062816,65
23826,1,0.022380455842920245,66
23826,2,0.012130989170522502,66
23826,3,-0.010549626218717027,66
23827,1,-0.029885896089114822,67
23827,2,-0.007986926049569168,67
23827,3,-0.0036167863853293304,66
23828,1,-0.05022719523353566,67
23828,2,-0.03971814212457478,67
23828,3,-0.06332629987047256,67
23829,1,0.02024085738301765,67
23829,2,0.050333068273010324,67
23829,3,0.06983600424743092,67
23830,1,0.09746803364682245,68
23830,2,0.08126522810159004,68
23830,3,0.09880200451668135,67
23831,1,0.058542694230636655,68
23831,2,0.03326945744854324,68
23831,3,0.03745871987171569,68
23832,1,0.014874789316183766,68
23832,2,0.017183320546035857,68
23832,3,0.06720715872283742,68
23833,1,0.0925502238641765,68
23833,2,0.07576624701181749,68
23833,3,0.0865210733867609,68
23834,1,0.03893629579513727,68
23834,2,0.05947604752539866,68
23834,3,0.07272194435104466,68
23835,1,0.015913652980092962,68
23835,2,-0.015712258887204268,68
23835,3,-0.005455183123869312,68
23836,1,0.024554548407787483,68
23836,2,0.04566138501893462,68
23836,3,0.06016974226489814,68
23837,1,-0.018317199472561017,69
23837,2,0.016208556464894826,68
23837,3,0.03449243788078874,68
23838,1,-0.07409835663401115,69
23838,2,-0.04187606659866389,69
23838,3,-0.06467706367716897,68
23839,1,0.0821011734233863,69
23839,2,0.056328160473911884,69
23839,3,0.03493559639718957,68
23840,1,-0.05534162802408226,70
23840,2,-0.07507829872337647,70
23840,3,-0.10579094924305117,69
23841,1,0.020160803048951653,70
23841,2,0.053101165878349954,70
23841,3,0.06439368868354028,70
23842,1,0.011028385739224458,70
23842,2,0.012746535830928774,70
23842,3,0.002785467680144728,70
23843,1,-0.03346489692701162,70
23843,2,-0.026349250226676505,70
23843,3,-0.021529676787461663,70
23844,1,0.15346495757008524,71
23844,2,0.13397668768718943,70
23844,3,0.14589462869956413,70
23845,1,0.07114572973072031,71
23845,2,0.0521352136376033,71
23845,3,0.058176277370184416,70
23846,1,0.017096113096053016,71
23846,2,0.020679750352376375,71
23846,3,0.00910767532481489,70
23847,1,-0.019552714490367034,71
23847,2,-0.030226456241808166,71
23847,3,-0.035570621364342164,70
23848,1,9.435473551548204e-4,72
23848,2,0.0015896221808168057,71
23848,3,0.014874664896881102,71
23849,1,0.030658220227573384,72
23849,2,0.03596165622974792,72
23849,3,0.04152668178843395,71
23850,1,0.03859737344526278,72
23850,2,0.03443103570992341,72
23850,3,0.03712446821103795,71
23851,1,0.04389325097847285,72
23851,2,0.03397250314907325,72
23851,3,0.05872956819463032,71
23852,1,-0.033986816410000675,72
23852,2,-0.02013400566674505,72
23852,3,-0.006384356734582139,72
23853,1,-0.17317295660406976,73
23853,2,-0.25770484040330244,72
23853,3,-0.27457166267709365,72
23854,1,-0.05686382771639526,73
23854,2,-0.08152804767598813,73
23854,3,-0.05461492138927199,72
23855,1,0.01076195763765097,73
23855,2,0.07532895948249123,73
23855,3,0.1551403944376842,72
23856,1,0.11067912575943029,73
23856,2,0.0646217759130084,73
23856,3,0.005765336583935665,72
23857,1,0.05496755543655614,73
23857,2,0.042744079453595436,73
23857,3,0.07217098292674363,72
23858,1,0.010959176144639345,73
23858,2,-0.010085661172207229,73
23858,3,-0.003491008138418371,72
23859,1,0.01621731909640679,73
23859,2,0.005141035354644348,73
23859,3,0.01047292729216643,72
23860,1,0.003866608675129985,73
23860,2,0.0023777908251596245,73
23860,3,-0.007318848891566303,72
23861,1,0.07947251804978203,73
23861,2,0.04642898477722908,73
23861,3,0.05239980375049202,73
23862,1,0.0029630960390350063,73
23862,2,-0.00767142179898152,73
23862,3,-0.015282667682069886,73
23863,1,0.006449856314491869,74
23863,2,-0.029522407610131456,74
23863,3,-0.03627761375399715,73
23864,1,0.02829175931264846,75
23864,2,0.03623506853751461,74
23864,3,0.04061073662134327,74
23865,1,0.010302236615129098,75
23865,2,0.011352730771987089,75
23865,3,0.010061614030991303,74
23866,1,-0.031747479124788584,76
23866,2,-0.02617593033239686,75
23866,3,-0.014774076652703784,75
23867,1,0.04035685079469028,76
23867,2,0.021483480747702444,76
23867,3,0.018616916871034565,75
23868,1,0.05796737622131236,76
23868,2,0.054758313230929834,76
23868,3,0.07256880965268826,76
23869,1,-0.019339021985721263,76
23869,2,-0.019968377076842354,76
23869,3,0.013880551241528453,76
23870,1,0.021342562720570894,77
23870,2,0.022146346586396932,76
23870,3,0.03300872241136602,76
23871,1,0.04599761357388926,77
23871,2,0.059927710104840645,76
23871,3,0.056555937226908624,76
23872,1,0.04684887508234806,77
23872,2,0.0480239146299162,76
23872,3,0.04589805757701879,76
23873,1,-0.03374708307318626,77
23873,2,-3.924258106551676e-4,76
23873,3,0.0026356749526385286,76
23874,1,0.040892434736854666,77
23874,2,0.07601535766822283,77
23874,3,0.10211505672039102,76
23875,1,0.038843921361309,77
23875,2,0.016757013860077573,77
23875,3,0.02824449468646952,77
23876,1,-0.010199990674032225,77
23876,2,-0.010389220132236943,77
23876,3,0.015101599549758203,77
23877,1,-0.04497687265248413,77
23877,2,-0.01266470127731507,77
23877,3,-0.020136773775706784,77
23878,1,0.015085444524289686,77
23878,2,0.015668308944379962,77
23878,3,0.03431511695912008,77
23879,1,0.03862538926401313,77
23879,2,0.015784546672099893,77
23879,3,0.014518533892223602,77
23880,1,-0.043219448247842705,77
23880,2,-0.06468517827752115,77
23880,3,-0.08253012094088209,77
23881,1,0.03532604333640831,77
23881,2,0.01416743898153364,77
23881,3,0.030887529394700665,77
23882,1,0.06266836623705359,77
23882,2,0.0261735429578833,77
23882,3,0.03584895582817406,77
23883,1,-0.040212212516292964,78
23883,2,-0.027365802967628475,77
23883,3,-0.020195684874231328,77
23884,1,0.0887181860248733,78
23884,2,0.09193805537499532,77
23884,3,0.1137257706873752,77
23885,1,-0.006429392336250001,78
23885,2,0.005038768597563776,77
23885,3,0.015715473678407726,77
23886,1,-0.04549682010149654,78
23886,2,-0.00513413341680085,77
23886,3,4.1126473079419995e-4,77
23887,1,-0.11321903691352815,78
23887,2,-0.09636250271470478,78
23887,3,-0.1067417184827147,78
23888,1,-0.08196578249006034,79
23888,2,-0.05469470902028879,78
23888,3,-0.0692105751401258,78
23889,1,-0.043473218390115746,79
23889,2,0.017003642589886802,78
23889,3,-0.01698169642851119,78
23890,1,0.12748967390970817,79
23890,2,0.08603348966301312,79
23890,3,0.08494754754375601,78
23891,1,0.0440030254595321,79
23891,2,0.0582372484024277,79
23891,3,0.021567721527967352,79
23892,1,0.14999319388950688,79
23892,2,0.05596393177298586,79
23892,3,0.05217378754298123,79
23893,1,0.10937715824247023,80
23893,2,0.07805112001881515,79
23893,3,0.0927174245419502,79
23894,1,0.04631132901701202,80
23894,2,0.04635346614640217,79
23894,3,0.0578918847908898,79
23895,1,0.013541626066385192,80
23895,2,0.011133785925905654,80
23895,3,0.014770880409138562,80
23896,1,0.07326037938635901,81
23896,2,0.03265016191983446,80
23896,3,0.046971013745166934,80
23897,1,-0.027717207081297563,81
23897,2,-0.036026199976196036,80
23897,3,-0.04056060872393178,80
23898,1,0.02172048133802821,81
23898,2,0.03640194710033969,80
23898,3,0.06733987019241217,80
23899,1,0.025242052487821423,81
23899,2,0.03330917534642026,80
23899,3,0.062384585161836655,80
23900,1,-0.025548388825794004,81
23900,2,0.0028355927550415606,81
23900,3,0.00493264241045168,80
23901,1,0.013166535249123168,81
23901,2,0.025023080745344234,81
23901,3,0.06786809986182935,80
23902,1,-0.03400929550069338,81
23902,2,-0.022552063813589616,81
23902,3,-0.03360595471618141,80
23903,1,0.07463516551072348,81
23903,2,0.11600635793794786,81
23903,3,0.15452465305822813,80
23904,1,0.026980436197916808,81
23904,2,0.0076324100448067825,81
23904,3,0.05352811140236768,80
23905,1,0.00618435685181278,81
23905,2,0.020066136735033015,81
23905,3,0.03213806084123561,80
23906,1,-0.020102395326913852,81
23906,2,-0.004267902566949502,81
23906,3,-0.02858152238299888,80
23907,1,0.03123341428301913,81
23907,2,0.003990514554446701,81
23907,3,-0.014318729721612532,80
23908,1,0.01874286620197969,81
23908,2,0.02204772796383179,81
23908,3,0.014505220588128856,80
23909,1,-0.023037102213603954,82
23909,2,-0.012232387598527947,81
23909,3,-0.03522199718076144,81
23910,1,0.047469303600367184,82
23910,2,0.043869999315719735,81
23910,3,0.06253122277322322,81
23911,1,-0.014691055121745627,82
23911,2,-0.017062216951089164,82
23911,3,-0.030765432150773726,82
23912,1,0.026753551625536626,83
23912,2,0.03428064411256898,82
23912,3,0.027572445382805143,82
23913,1,0.0233120218912451,83
23913,2,0.023359004393488106,83
23913,3,0.042257123140633644,82
23914,1,0.0594358072475412,83
23914,2,0.040117162140145775,83
23914,3,0.05883882484315367,83
23915,1,0.009481669495573873,84
23915,2,0.029507731207443072,83
23915,3,0.042002772183446224,83
23916,1,0.015936929047790784,84
23916,2,0.01904481679620481,84
23916,3,0.046052888154719786,84
23917,1,-0.02343249510054862,85
23917,2,0.019791585960760433,84
23917,3,0.018617022471343746,84
23918,1,0.03289762353177935,85
23918,2,0.03672460964082543,85
23918,3,0.04511613692265178,84
23919,1,-0.0034628127509583146,86
23919,2,-0.012285386655148025,85
23919,3,-0.03887545771248393,85
23920,1,0.052608063909747114,86
23920,2,0.01628607495526973,86
23920,3,0.04849307403645362,85
23921,1,-0.015514819364996622,86
23921,2,0.012765568246967455,86
23921,3,0.03209010848001015,85
23922,1,-0.01696514747196226,86
23922,2,0.007630065047075758,86
23922,3,0.017451888367116752,86
23923,1,0.05069411717274926,88
23923,2,0.05568205451924878,87
23923,3,0.07426450318158159,87
23924,1,-0.007557543186862027,88
23924,2,0.005538743483313212,87
23924,3,0.03771275281799782,87
23925,1,0.3463582761912621,88
23925,2,-0.008343433481718695,87
23925,3,0.00286516987640102,87
23926,1,-5.865253452734368e-4,88
23926,2,-0.023137711460961642,87
23926,3,-0.027345477681295572,87
23927,1,0.014176146286245922,88
23927,2,0.02997159977383404,87
23927,3,0.037316115856646265,87
23928,1,0.025766159068530047,88
23928,2,0.03347655891573151,87
23928,3,0.027511607123870557,87
23929,1,-0.010021814391405837,88
23929,2,-0.013997427527145855,87
23929,3,3.3727882561235137e-4,87
23930,1,-0.0324475398303216,88
23930,2,-0.04701607054045284,87
23930,3,-0.045071728808355055,87
23931,1,0.020874328391791565,88
23931,2,0.01579439329350361,88
23931,3,-8.816402909612209e-4,87
23932,1,2.2388031662317687e-4,89
23932,2,0.005462430234496256,89
23932,3,0.001765927837160424,88
23933,1,-0.022512280234002178,90
23933,2,-0.019287848582737674,89
23933,3,-0.018437449262054945,89
23934,1,0.037500419967563606,90
23934,2,0.02948029166543314,90
23934,3,0.033729793097620954,89
23935,1,0.050452835367499706,90
23935,2,0.04647553481140022,90
23935,3,0.06582407993578565,90
23936,1,-0.01536982362736654,91
23936,2,-0.0248422551222602,90
23936,3,0.0031622799319234373,90
23937,1,0.022490365428841457,91
23937,2,0.019022917581585936,91
23937,3,0.134243567623796,90
23938,1,-0.031458593126077315,91
23938,2,-0.03981083849435328,91
23938,3,-0.03263930701440096,90
23939,1,-0.010291828977106027,92
23939,2,0.020133191446839917,91
23939,3,0.027383951399740137,91
23940,1,0.05427040737686942,92
23940,2,0.027214546085778585,92
23940,3,-0.003285722693958548,92
23941,1,0.05031541133336655,93
23941,2,0.05178515235479564,92
23941,3,0.05309663232568709,92
23942,1,0.02042408698449897,93
23942,2,0.03196040613917801,93
23942,3,0.046771681695073695,92
23943,1,0.022351894413064136,94
23943,2,0.024882421152466395,94
23943,3,0.03215285913945155,93
23944,1,0.04542687324777888,95
23944,2,0.028902778338538677,94
23944,3,0.02751234414114982,94
23945,1,0.021286708718046964,95
23945,2,0.017421640253319198,94
23945,3,0.07889596515909829,94
23946,1,0.04066649103721904,95
23946,2,0.03977068804322264,94
23946,3,0.06733888199870232,94
23947,1,0.016777943181587488,95
23947,2,0.01636967530465824,95
23947,3,0.01905575718938787,94
23948,1,0.018154399632756626,95
23948,2,0.021361315339983006,95
23948,3,0.04190124903538634,94
23949,1,-0.02864717919338035,95
23949,2,-0.005460454343587867,95
23949,3,0.008551157700703822,94
23950,1,0.0562049925438915,95
23950,2,0.042037931140112124,95
23950,3,0.03606359963990641,94
23951,1,0.010120402560235308,95
23951,2,0.03898220166705394,95
23951,3,0.010235952255475293,95
23952,1,0.01820435725549469,97
23952,2,0.019341945223245505,96
23952,3,0.017401222698225118,96
23953,1,0.021977591208635017,97
23953,2,0.005488072332880905,96
23953,3,0.022159828007632814,96
23954,1,0.030294330391155328,97
23954,2,0.003486654277291537,97
23954,3,0.014845254438525586,96
23955,1,0.04778924276364617,97
23955,2,0.02016926797911107,97
23955,3,0.03460551475142361,96
23956,1,0.010720898432639377,97
23956,2,0.02422573055971234,97
23956,3,0.03666050092390769,97
23957,1,-0.014373660301634958,98
23957,2,4.1062906527772217e-4,97
23957,3,-0.0029063421128098415,97
23958,1,-0.07520818523075007,98
23958,2,-0.049431876557259564,98
23958,3,-0.05776008893720856,97
23959,1,0.035743570737629377,99
23959,2,0.03953534702502875,98
23959,3,0.05602142970273656,98
23960,1,0.04890715376151269,99
23960,2,0.04818702687283531,99
23960,3,0.06349785956766936,98
23961,1,-0.003463017662941656,99
23961,2,0.021631319701656236,99
23961,3,0.03217162931354196,99
23962,1,0.09286841263279699,100
23962,2,0.05806999304114869,99
23962,3,0.059306864132657885,99
23963,1,0.015709847865765906,101
23963,2,-5.535656100428011e-4,100
23963,3,-0.00313638673086111,100
23964,1,0.04570188081826064,102
23964,2,0.03068968903157215,102
23964,3,0.05060490854547896,102
23965,1,-0.0014582233210712239,103
23965,2,0.017721492259298127,102
23965,3,-0.005094333396489756,102
23966,1,-0.03763886983554729,103
23966,2,-0.0176193331377847,102
23966,3,-0.040534752860833884,102
23967,1,0.013268939619916553,103
23967,2,0.033379545780324135,103
23967,3,0.04909339200550293,102
23968,1,0.08599459170454449,103
23968,2,0.07790355506877335,103
23968,3,0.0720099044267003,102
23969,1,0.04896717545066725,103
23969,2,0.0434033423132673,103
23969,3,0.049858955314576764,102
23970,1,0.06525851816952064,103
23970,2,0.06293010082050102,103
23970,3,0.10345731574906221,103
23971,1,0.025768510729397343,103
23971,2,-0.029044875310467202,103
23971,3,-0.02515611264596269,103
23972,1,0.0690066957390383,104
23972,2,0.06004292077949562,103
23972,3,0.0689992119699237,103
23973,1,-0.013453386544214302,104
23973,2,-0.03415790418403579,103
23973,3,-0.057247820477484314,103
23974,1,0.03580087647220715,104
23974,2,0.03366914719673131,103
23974,3,0.02806191661501582,103
23975,1,0.02125896924168267,104
23975,2,0.0243779097017636,103
23975,3,0.020003213521112475,103
23976,1,0.005932476315378559,104
23976,2,-0.00440910206336994,104
23976,3,-1.2726048498675797e-4,103
23977,1,0.07083806438051737,104
23977,2,0.06799639957991949,104
23977,3,0.08756873397857808,104
23978,1,0.04018737348286541,104
23978,2,0.05485059730467354,104
23978,3,0.053851920673760885,104
23979,1,0.023393871473814054,105
23979,2,0.00702618745103478,104
23979,3,0.021828776713078132,104
23980,1,-0.038781021945081005,105
23980,2,-0.026468511599834814,104
23980,3,-0.026764764994981722,104
23981,1,-0.023029720018549485,105
23981,2,0.024566828573063818,105
23981,3,0.05664623363587765,104
23982,1,-0.047769128639060694,106
23982,2,-0.05065936737264572,106
23982,3,-0.01003935654295856,105
23983,1,-0.16908052457388265,107
23983,2,-0.14150339099169268,107
23983,3,-0.1631413581647919,106
23984,1,0.09717723829332373,107
23984,2,0.05053756613459547,107
23984,3,0.08908812882020258,106
23985,1,0.11167859136014316,107
23985,2,0.08697990664689668,107
23985,3,0.08375862747142826,106
23986,1,0.04324847037452603,107
23986,2,0.04994453027981194,107
23986,3,0.05397672543162026,107
23987,1,0.04315140445418451,108
23987,2,0.042924039409599685,107
23987,3,0.09418657574863402,107
23988,1,0.013746886067630373,109
23988,2,-0.006048262818656868,108
23988,3,0.02287287234990316,108
23989,1,-0.020605792240274617,109
23989,2,-0.02178540249942458,109
23989,3,-0.03832040190979262,108
23990,1,0.01690248412319766,109
23990,2,0.01566047333505087,109
23990,3,0.03213733856937169,109
23991,1,0.12380535130631949,110
23991,2,0.08580531313081731,110
23991,3,0.034063090407079256,109
23992,1,0.026494482331154624,111
23992,2,0.004331701222225842,110
23992,3,-0.023283294646426353,110
23993,1,0.025372010375160636,111
23993,2,0.024884244697926737,110
23993,3,0.08924401841321125,110
23994,1,-0.03526779851123954,111
23994,2,-0.02477715155484802,110
23994,3,-0.01057979580106744,110
23995,1,-0.02687076714729767,111
23995,2,-0.020517442990053498,111
23995,3,-0.003938383764181221,111
23996,1,-0.05101774271873221,112
23996,2,-0.030692165034968254,112
23996,3,0.0012232605549045408,111
23997,1,-0.008599086868227478,112
23997,2,0.03624655813811762,112
23997,3,0.05870094425740011,112
23998,1,-0.0012859047596715176,113
23998,2,-0.0027794516792415264,112
23998,3,0.06455204517928119,112
23999,1,0.009365715694485814,113
23999,2,0.019820697071208378,112
23999,3,0.13245248444741975,112
24000,1,-0.017797778331894568,113
24000,2,-0.04105185849184338,112
24000,3,-0.0334515507745928,112
24001,1,-0.04430954136554829,113
24001,2,-0.016988083612691947,112
24001,3,0.09591502208811706,112
24002,1,0.11650663233704876,113
24002,2,0.1275901204302478,113
24002,3,0.05791889613715655,112
24003,1,0.02466132242663928,113
24003,2,0.03405064190949631,113
24003,3,-0.0055265710618450994,112
24004,1,0.050898145499176116,113
24004,2,0.010853834471554686,113
24004,3,-0.023070942815068125,112
24005,1,-0.055059014317154105,113
24005,2,-0.02900041418868013,113
24005,3,0.09226658361563359,113
24006,1,0.04675678957554204,114
24006,2,0.03983964032306756,113
24006,3,0.0010575055815018127,113
24007,1,0.06455056012186881,114
24007,2,0.03933236052827334,114
24007,3,0.12406832988650814,114
24008,1,6.148667842857524e-4,115
24008,2,0.03013804009719705,114
24008,3,-0.032399708888074086,114
24009,1,0.05163587933900837,115
24009,2,0.026148734539995923,114
24009,3,-0.023780945298176155,114
24010,1,0.0035361808083516923,115
24010,2,8.201272275287933e-4,114
24010,3,-0.09134601793517699,114
24011,1,0.06496976250515366,115
24011,2,0.07778663494975356,115
24011,3,0.07300246554211012,115
24012,1,0.11238070805440013,117
24012,2,-0.002418702695398485,116
24012,3,-0.025852814891816515,116
24013,1,-0.08226927567954131,117
24013,2,-0.023453563246168894,116
24013,3,-0.0066791988149522315,116
24014,1,-0.050786298304039766,117
24014,2,-0.03655625206540546,117
24014,3,-0.030065557890334087,116
24015,1,0.15118026107184984,117
24015,2,0.05923298915413037,117
24015,3,0.06622603678825953,116
24016,1,0.049446328913269,117
24016,2,0.028044423185894327,117
24016,3,0.029482057112937995,117
24017,1,-0.002809172836219264,118
24017,2,-0.016103526523150193,117
24017,3,-9.481923130356711e-4,117
24018,1,-0.002982101729524036,118
24018,2,0.011442003695486832,118
24018,3,0.0067677248679223565,117
24019,1,-0.05640773017829448,119
24019,2,-0.007789143340693218,118
24019,3,-0.016632837266783267,118
24020,1,-0.14520551436588924,119
24020,2,-0.09622074615276052,118
24020,3,-0.06192055779351538,118
24021,1,0.0991418124898769,119
24021,2,0.02682714000183428,119
24021,3,0.04029840715009637,118
24022,1,0.13306478418499826,119
24022,2,0.0683795583761862,119
24022,3,0.06536242853158669,118
24023,1,0.044209301071047986,119
24023,2,0.042695562296185464,119
24023,3,0.04255925869481609,119
24024,1,-0.01307155424019763,119
24024,2,9.30648962986711e-4,119
24024,3,0.02615417806151561,119
24025,1,-0.0379362125731376,120
24025,2,0.009015845773129007,119
24025,3,0.009597473302586331,119
24026,1,0.10032771611220934,120
24026,2,0.04849745252047133,120
24026,3,0.05150117603467249,120
24027,1,-0.07006204874003624,120
24027,2,-0.011116845659735553,120
24027,3,0.006391748245249329,120
24028,1,-0.03569937231521752,120
24028,2,-0.004721871627225682,120
24028,3,-0.0070157349003878685,120
24029,1,-0.0951985623702508,120
24029,2,-0.05226281931862799,120
24029,3,-0.028877069646391963,120
24030,1,-0.1261684497089342,120
24030,2,-0.07005338826743332,120
24030,3,-0.07086505344373281,120
24031,1,0.02326151184764907,122
24031,2,0.011678958189894078,121
24031,3,0.011826887793178672,121
24032,1,-0.1324451434188988,122
24032,2,-0.06528843330079628,122
24032,3,-0.033690547965412175,122
24033,1,0.08968049465804431,123
24033,2,0.03351288392611447,122
24033,3,0.03721659750175038,122
24034,1,0.1730425984809394,123
24034,2,0.06891723231882237,122
24034,3,0.060332211806212246,122
24035,1,-0.09310068808112144,123
24035,2,-0.02597529180082095,123
24035,3,-0.015590924185812191,123
24036,1,-0.01884482965463515,123
24036,2,-0.02534637293547717,123
24036,3,-0.025713928630023433,123
24037,1,-0.018088368306041505,124
24037,2,-0.01710884416789138,124
24037,3,-3.792178422476636e-4,123
24038,1,0.02535228250628634,124
24038,2,0.014674741827638513,124
24038,3,0.019678783433169453,123
24039,1,0.147570372652474,124
24039,2,0.07232487067810353,124
24039,3,0.05592765168327766,123
24040,1,0.1775231435895199,124
24040,2,0.07213556408218964,124
24040,3,0.06767608288361607,123
24041,1,0.01964912056867802,124
24041,2,0.011571355628680963,124
24041,3,0.007255353348636045,123
24042,1,0.061375449115853575,124
24042,2,0.032472816559519176,124
24042,3,0.04024811839856368,124
24043,1,0.042906661861230926,124
24043,2,0.03048722973130839,124
24043,3,0.059511849023248145,124
24044,1,-0.014290186399484773,125
24044,2,-2.579306465289957e-4,124
24044,3,-0.017207398944075285,124
24045,1,0.059472524575580644,125
24045,2,0.06194705003759701,124
24045,3,0.1324182443156192,124
24046,1,0.02045805173261791,125
24046,2,0.023553420028926044,124
24046,3,0.03926154411069247,124
24047,1,0.05614886214651816,125
24047,2,0.0493305104671529,125
24047,3,0.01833695910782889,124
24048,1,0.021820835479473007,125
24048,2,0.021660374842753113,125
24048,3,0.04221898239865277,124
24049,1,0.030084567419876848,126
24049,2,0.017582879247130635,125
24049,3,0.021036861823707828,125
24050,1,-0.005329513856126246,126
24050,2,0.01510872251264957,125
24050,3,0.014779408989607168,125
24051,1,-0.002952032713139304,126
24051,2,-0.020732078276988437,125
24051,3,-0.04366207715776201,125
24052,1,0.01611885047798406,126
24052,2,0.01965550611394319,125
24052,3,0.042912162728912136,125
24053,1,0.027034627859382546,126
24053,2,0.02653823616809262,125
24053,3,0.05098094284036302,125
24054,1,-0.03517869743563143,126
24054,2,-0.03166284807933777,125
24054,3,-0.04631592107618789,125
24055,1,0.014061653843708296,126
24055,2,0.0014728762733409644,125
24055,3,-0.004052837681586966,125
24056,1,0.02166938207390468,126
24056,2,0.02876300826881012,125
24056,3,0.05982066751230203,125
24057,1,0.033150691938501814,126
24057,2,0.015285569135347805,125
24057,3,0.02672006830282905,125
24058,1,0.05303955403332338,126
24058,2,0.05412569932413952,125
24058,3,0.07668493032859733,125
24059,1,0.05601355204074262,126
24059,2,0.042297332461780655,125
24059,3,0.04221378315746733,125
24060,1,-0.043045224873979215,126
24060,2,-0.019288419752441905,125
24060,3,-0.027345613965917902,125
24061,1,0.02635679996685308,126
24061,2,0.019762515538580803,126
24061,3,0.03638338487949415,125
24062,1,-0.01552954797779745,126
24062,2,-0.011270808412203265,126
24062,3,-0.018187670302481727,125
24063,1,-0.0185504942971936,126
24063,2,-0.009025223036561078,126
24063,3,-0.04347007698076221,126
24064,1,0.05486679020292119,126
24064,2,0.040556173837469615,126
24064,3,0.06319796526096082,126
24065,1,0.0029013909304132736,126
24065,2,0.02577617649100536,126
24065,3,0.0299063361419298,126
24066,1,0.06635068043182323,126
24066,2,0.04928411787417725,126
24066,3,0.05530756726248757,126
24067,1,-0.013366107981943678,127
24067,2,-0.011706274449609656,127
24067,3,-0.006810444172338416,126
24068,1,0.00969191034297883,127
24068,2,0.011037111554386149,127
24068,3,0.029938523274853482,127
24069,1,0.0017438859976366854,128
24069,2,-0.013965541887987242,128
24069,3,-0.023267389515838833,128
24070,1,0.05081738703863542,128
24070,2,0.04804080759266201,128
24070,3,0.060145304681206845,128
24071,1,0.0017430605117599485,128
24071,2,0.0037376690881198507,128
24071,3,0.013895441692070734,128
24072,1,0.047606094317705634,129
24072,2,0.044203269654398046,129
24072,3,0.0716425830951742,128
24073,1,0.0177610832577382,129
24073,2,0.014234681902425193,129
24073,3,0.007516731012093659,129
24074,1,0.028946165117015366,129
24074,2,0.017077001745931714,129
24074,3,0.040865429361827965,129
24075,1,0.008180023151254472,129
24075,2,0.011810644587227661,129
24075,3,0.005954027821869665,129
24076,1,-0.02397801626965951,129
24076,2,-0.03142406512545481,129
24076,3,-0.04839828412484827,129
24077,1,-0.004709857552355859,130
24077,2,0.004677590521774024,129
24077,3,0.013441940752554693,129
24078,1,7.748156897052457e-4,130
24078,2,0.002213440603945183,129
24078,3,-0.03504531086375498,129
24079,1,0.046528926035495896,130
24079,2,0.0266412621457543,130
24079,3,0.01671524104732255,129
24080,1,0.03304498132516936,131
24080,2,0.029969736554179317,130
24080,3,0.022454252717178734,130
24081,1,0.053527628251769634,131
24081,2,0.03311066917430819,131
24081,3,0.04483728868428445,130
24082,1,0.0390717843523427,131
24082,2,0.030449148392964955,131
24082,3,0.027439029808295164,131
24083,1,-0.0026784199937644063,131
24083,2,0.012338420783822317,131
24083,3,0.0016108474608612254,131
24084,1,0.025697760878519004,132
24084,2,0.02562471037928078,131
24084,3,0.047134755325705956,131
24085,1,-1.0621984607927817e-5,132
24085,2,-0.007384476984565044,132
24085,3,-0.0019409699793514789,132
24086,1,-0.005820560169127369,133
24086,2,0.011845248314018418,132
24086,3,0.014771599636830002,132
24087,1,0.041793781888466476,133
24087,2,0.03905178116539788,133
24087,3,0.03337286045205065,132
24088,1,0.04407525246595099,133
24088,2,0.04025234637768491,133
24088,3,0.02588273023351904,133
24089,1,-0.011779211737076134,133
24089,2,-0.010460137267745952,133
24089,3,-0.022396485486182043,133
24090,1,-0.032451717593159485,134
24090,2,-0.025710901467296196,133
24090,3,-0.03496981005027336,133
24091,1,0.023647360098234184,134
24091,2,0.022196203984795954,133
24091,3,0.018525526104478537,133
24092,1,0.020461643417429346,134
24092,2,0.037587533521563805,133
24092,3,0.04935317235900271,133
24093,1,0.010446941266852663,134
24093,2,0.03248724620775208,133
24093,3,0.04260915528061876,133
24094,1,-0.051401483319703255,134
24094,2,-0.025862518372517396,133
24094,3,-0.04689442946338208,133
24095,1,-0.02491306222334388,134
24095,2,-0.007261166875347427,134
24095,3,0.01273351576904443,133
24096,1,-0.00895200262884239,134
24096,2,-0.05515704874463549,134
24096,3,-0.09536092227954845,134
24097,1,-0.0319413154462747,134
24097,2,-0.029867818614479312,134
24097,3,-0.010039099981101668,134
24098,1,0.00772638306491948,134
24098,2,0.0018973076244886164,134
24098,3,-0.008949980143010261,134
24099,1,0.06997450946292816,134
24099,2,0.05218848171593591,134
24099,3,0.07072731860501962,134
24100,1,0.010810161018591932,135
24100,2,0.034851439162876335,135
24100,3,0.036402084708545446,134
24101,1,-0.13135617762370622,135
24101,2,-0.08655453579526293,135
24101,3,-0.06235394119416458,135
24102,1,0.03487397662419009,136
24102,2,0.01942666449865176,136
24102,3,-0.010772708181532774,136
24103,1,0.06137841906689025,137
24103,2,0.024540312531057797,137
24103,3,-0.0015406587084306755,136
24104,1,-0.08070480244288822,137
24104,2,-0.06549065003688499,137
24104,3,-0.11054650065194914,137
24105,1,-0.2146180425632742,137
24105,2,-0.17143293783597804,137
24105,3,-0.18494533299287272,137
24106,1,-0.1306930989772085,137
24106,2,-0.060591924702113324,137
24106,3,-0.09134704755664717,137
24107,1,0.0840161365216593,138
24107,2,0.049484494741412845,137
24107,3,0.036922153548577245,137
24108,1,-0.09918825956477298,138
24108,2,-0.07053988848891983,138
24108,3,-0.0761085704657522,137
24109,1,-0.11675937161434052,138
24109,2,-0.09951587883575252,138
24109,3,-0.10088634944189435,137
24110,1,0.1483888057619847,138
24110,2,0.1051440657840835,138
24110,3,0.06816922018843037,138
24111,1,0.32555776141194015,138
24111,2,0.14680264440383367,138
24111,3,0.058841971160876444,138
24112,1,0.09020142044630428,139
24112,2,0.03267946798354448,139
24112,3,0.010857891626545919,138
24113,1,-0.02534703303467294,139
24113,2,0.017380164944557654,139
24113,3,0.02739832074862214,139
24114,1,0.12118941493906746,140
24114,2,0.0838619623676566,139
24114,3,0.0711450586325862,139
24115,1,0.11225471698110025,140
24115,2,0.04486387009397078,140
24115,3,0.03127899356068343,139
24116,1,0.06977842972447398,140
24116,2,0.03814855721647242,140
24116,3,0.03275572548766735,139
24117,1,-0.048207828633266066,140
24117,2,-0.025786612859936157,140
24117,3,-0.025795813480906156,139
24118,1,0.05673144650405645,140
24118,2,0.06346255064931483,140
24118,3,0.06373401942813989,139
24119,1,0.04234654828846575,140
24119,2,0.04593968574181139,140
24119,3,0.058070538642035,139
24120,1,-0.011253036955605788,140
24120,2,-0.03027447503838417,140
24120,3,-0.041929324649839554,139
24121,1,0.02623429790587105,140
24121,2,0.04589688206386064,140
24121,3,0.05154752123719862,139
24122,1,0.055786695480169304,140
24122,2,0.06626998227198976,140
24122,3,0.08577867584637971,139
24123,1,0.023739101117075834,140
24123,2,0.03903551380500492,140
24123,3,0.04981442442396124,139
24124,1,-0.06175623795619696,140
24124,2,-0.06619128174911221,140
24124,3,-0.07264058687398826,139
24125,1,-0.05096834742206793,140
24125,2,-0.04061135443198848,140
24125,3,-0.0671083354203363,139
24126,1,0.0628294360518816,140
24126,2,0.06870966850846821,140
24126,3,0.08528226172601942,139
24127,1,-0.03318639269287184,140
24127,2,-0.038489545587180166,140
24127,3,-0.05220024413268076,139
24128,1,0.10028858776609995,140
24128,2,0.08994411442527761,140
24128,3,0.11150546735172777,139
24129,1,0.03226392253640351,140
24129,2,0.034724513475055285,140
24129,3,0.053224553803629046,140
24130,1,0.0032594582013313863,140
24130,2,6.000415532858186e-4,140
24130,3,0.015429596605921038,140
24131,1,0.08958417713909485,141
24131,2,0.06442303159553564,140
24131,3,0.05938369890382118,140
24132,1,0.029986172568119737,141
24132,2,0.028236878025195738,141
24132,3,0.020619833124523992,141
24133,1,0.026540013354212997,141
24133,2,0.04373209037875106,141
24133,3,0.04134429352947107,141
24134,1,0.013591112192555039,142
24134,2,0.01017704630497687,141
24134,3,0.02277313351656871,141
24135,1,0.03430055657953991,142
24135,2,0.03977528869785817,142
24135,3,0.02957114857460655,141
24136,1,-2.3696875093678435e-4,142
24136,2,1.3404357834234036e-4,142
24136,3,-0.010538034632096436,141
24137,1,-0.02414889477871632,142
24137,2,-0.01804141475924426,142
24137,3,-0.00773643342579189,142
24138,1,-0.03551164327536609,142
24138,2,-0.03424369854342548,142
24138,3,-0.034878565337931884,142
24139,1,-0.04884418075100278,143
24139,2,-0.04484247631052292,143
24139,3,-0.06797498113452123,142
24140,1,-0.07699622490807528,143
24140,2,-0.07401134329567809,143
24140,3,-0.0898288005751481,143
24141,1,0.11090852517462003,144
24141,2,0.12663248140585645,143
24141,3,0.15359697350578647,143
24142,1,-0.008489854618772906,144
24142,2,0.0076997896626095534,143
24142,3,0.0017245057471681638,143
24143,1,0.0019221521074716745,144
24143,2,0.010425443109135412,143
24143,3,0.010607676223540918,143
24144,1,0.10896824381217823,144
24144,2,0.04835634862901318,144
24144,3,0.049153209179036435,143
24145,1,0.046316478853239015,145
24145,2,0.03317643130645679,144
24145,3,0.03774663711634526,144
24146,1,0.026105681335331136,145
24146,2,0.03281498278893931,144
24146,3,0.036787730300610076,144
24147,1,-0.027596642280498365,145
24147,2,-0.0075214582234683835,145
24147,3,0.028837647347841736,144
24148,1,-0.07587085948905346,146
24148,2,-0.04810669120032798,146
24148,3,-0.04175408004708939,145
24149,1,0.034578569201910526,146
24149,2,0.04626466956788407,146
24149,3,0.026177625360637325,145
24150,1,-0.011640352535047017,146
24150,2,0.01291353170864177,146
24150,3,0.011118412221978373,145
24151,1,0.04163409245851738,146
24151,2,0.029643034402091074,146
24151,3,0.017674617044531056,146
24152,1,0.02499253759993575,146
24152,2,0.020867429039590303,146
24152,3,0.023224028807982532,146
24153,1,-0.008735851408480228,146
24153,2,3.877630269535079e-4,146
24153,3,-0.0053028965324973636,146
24154,1,0.013933347556818246,146
24154,2,0.020531594232906673,146
24154,3,0.02182855849186276,146
24155,1,0.032729674069913686,147
24155,2,0.011682854898701038,146
24155,3,0.0191421354058731,146
24156,1,0.06509824837252513,147
24156,2,0.06926447962558195,147
24156,3,0.06884927702706903,146
24157,1,0.012616760702295901,147
24157,2,0.02211662880853555,147
24157,3,0.015035451206523167,146
24158,1,0.041744128989682806,147
24158,2,0.04643561754554173,147
24158,3,0.04665340650699003,146
24159,1,0.01935750113612426,147
24159,2,0.02493452163337816,147
24159,3,0.017692838120775954,147
24160,1,0.03965386204102526,147
24160,2,0.024278479968912643,147
24160,3,0.019751322200045968,147
24161,1,-0.008105474802483184,148
24161,2,-0.00788745833715319,147
24161,3,-0.013171429122962135,147
24162,1,0.05057737595021423,148
24162,2,0.05242342903988759,148
24162,3,0.05979032562308506,148
24163,1,-0.021314675604755542,148
24163,2,-0.029225163678361775,148
24163,3,-0.01650939624019402,148
24164,1,0.03574550783502776,149
24164,2,0.049117775063069205,149
24164,3,0.06126591893973565,148
24165,1,0.032539042438894966,149
24165,2,0.04677140300958939,149
24165,3,0.05258684602354936,148
24166,1,0.005564835728628718,149
24166,2,0.026874401551562996,149
24166,3,0.04289837156474527,148
24167,1,0.026848660534452506,150
24167,2,0.02841629394691372,149
24167,3,0.03518523448856279,149
24168,1,-0.007129377750333163,150
24168,2,-0.027006390842366484,149
24168,3,-0.004190867927779419,149
24169,1,0.05096794474441284,150
24169,2,0.046767737227548206,149
24169,3,0.05948161773257578,149
24170,1,0.009247855043911556,150
24170,2,0.015444155146795015,150
24170,3,-0.012172998288130453,150
24171,1,0.01626972205337101,151
24171,2,-0.004736361264737545,150
24171,3,-0.02329822012546043,150
24172,1,0.015553007586905842,151
24172,2,0.02488238778191994,150
24172,3,0.0352119009819222,150
24173,1,0.02220006659569837,151
24173,2,0.027727209468442836,150
24173,3,0.0352653728041904,150
24174,1,-0.016222074882549457,151
24174,2,-0.025132415420905517,151
24174,3,-0.027342872596692155,150
24175,1,0.04882667474388056,152
24175,2,0.043178981693831345,152
24175,3,0.04777423993096717,151
24176,1,-0.0203690460216931,152
24176,2,-0.02142218162993823,152
24176,3,-0.01865482778747404,151
24177,1,0.03959849410409509,152
24177,2,0.05604904607804203,152
24177,3,0.027027550493775882,151
24178,1,0.0395045989838031,152
24178,2,0.02781785181037552,152
24178,3,0.032594021333604534,151
24179,1,0.013139048092258316,152
24179,2,0.008944442706813976,152
24179,3,-0.0016266233283932477,151
24180,1,-0.03205841299307367,152
24180,2,-0.021383767717219376,152
24180,3,0.005740739229294179,152
24181,1,0.08170270691767872,153
24181,2,0.058237661366354235,152
24181,3,0.03528570812248348,152
24182,1,-0.010616274372611909,153
24182,2,0.0028614753910332852,152
24182,3,0.0057213173996330585,152
24183,1,0.0283182660016633,153
24183,2,-0.004421929618958005,152
24183,3,-0.026915766274702314,152
24184,1,-3.0269604029905666e-4,153
24184,2,0.023020635324113987,152
24184,3,0.034815980824775904,152
24185,1,-0.022229420336969986,153
24185,2,-0.017979769175552975,152
24185,3,-0.009327762558646799,152
24186,1,-0.008286913701094143,153
24186,2,0.03807555934831501,153
24186,3,0.035540549967013425,152
24187,1,-0.059126067844066085,153
24187,2,-0.053966444838678455,153
24187,3,-0.04986081394386486,153
24188,1,-0.042195571120502505,153
24188,2,-0.008626595108138338,153
24188,3,-0.024373002258413278,153
24189,1,0.08793624983622102,154
24189,2,0.06355759276023895,153
24189,3,0.06476588711630875,153
24190,1,-8.431059047439372e-4,154
24190,2,0.01300080453932493,154
24190,3,0.016150971733383614,153
24191,1,-0.04109639958587636,154
24191,2,-0.010796281388069488,154
24191,3,-0.010347834713091007,154
24192,1,-0.06487134020763123,154
24192,2,-0.04807408957918285,154
24192,3,-0.04773686404163063,154
24193,1,0.03754686012324482,154
24193,2,0.008743409928539619,154
24193,3,-0.0028798465775274145,154
24194,1,0.09636497352262342,154
24194,2,0.07966596589949466,154
24194,3,0.06842176985096016,154
24195,1,0.025248780538189214,154
24195,2,0.010679714150453604,154
24195,3,-0.011630272637590394,154
24196,1,0.024357511547276667,154
24196,2,0.021781965574239618,154
24196,3,0.03329063498551714,154
24197,1,-0.02682479093729233,155
24197,2,0.011538379304463478,154
24197,3,0.027692070006556085,154
24198,1,0.06584869288870678,155
24198,2,0.03952467067416522,154
24198,3,0.028730840829818537,154
24199,1,0.030157163929995182,155
24199,2,0.0038315396375044695,154
24199,3,-0.011692826136934962,154
24200,1,0.00889485018054719,156
24200,2,0.0046186039244922004,155
24200,3,0.0022461627810533916,155
24201,1,-0.012448881497526505,156
24201,2,-0.028994195097910864,155
24201,3,-0.02618680879240381,155
24202,1,0.07784437331182417,156
24202,2,0.03491236958235818,155
24202,3,0.03759262894777522,155
24203,1,0.019652348668149598,156
24203,2,0.015308994534628771,156
24203,3,0.01185643034967295,155
24204,1,0.03259483995427387,156
24204,2,0.030610065434479347,156
24204,3,0.027760122160970655,156
24205,1,0.04856711455062785,156
24205,2,0.03879838130846888,156
24205,3,0.03285600752801942,156
24206,1,-9.591088713072943e-4,156
24206,2,0.008434925583321961,156
24206,3,0.0036751429062753553,156
24207,1,0.007485459534397714,156
24207,2,0.015851371479215844,156
24207,3,0.011603019692856435,156
24208,1,0.017102853942428796,156
24208,2,0.021602238770356653,156
24208,3,0.019319895296631407,156
24209,1,0.012698469878940268,156
24209,2,0.0141246968922082,156
24209,3,0.007886835620772048,156
24210,1,0.013248317826039666,156
24210,2,0.014384063861688763,156
24210,3,0.03050948408750563,156
24211,1,-0.005906357277782113,156
24211,2,-8.368408092354849e-4,156
24211,3,0.012355301229713579,156
24212,1,0.020463393325109235,157
24212,2,0.025805846353360966,156
24212,3,0.034497682479880915,156
24213,1,0.002552303598034718,157
24213,2,0.03385367377607681,157
24213,3,0.043492942623931836,156
24214,1,0.05173933205099997,157
24214,2,0.031567669614677135,157
24214,3,0.021446760088247214,157
24215,1,0.015456725934260418,158
24215,2,0.01045064576655823,157
24215,3,0.003496467867407027,157
24216,1,0.03894768807313014,158
24216,2,0.038261102903485035,158
24216,3,0.07242484620405835,157
24217,1,-0.05938646662082834,158
24217,2,-0.030491158106369307,158
24217,3,-0.02120638196478923,157
24218,1,0.0016394017552581867,158
24218,2,-0.0046739148684402975,158
24218,3,-0.007887129605865944,157
24219,1,0.005909377808750908,158
24219,2,-7.003054149401907e-4,158
24219,3,-0.004385329553120634,158
24220,1,0.00671144056939466,158
24220,2,0.02251245285915945,158
24220,3,0.051976949160123506,158
24221,1,0.030247778070345385,158
24221,2,0.0026490018040447347,158
24221,3,-0.00284047383901382,158
24222,1,0.036427252831314816,159
24222,2,0.04037483969851889,159
24222,3,0.025109237768135225,158
24223,1,0.0179096212252577,159
24223,2,0.029769771149731963,159
24223,3,0.05552213359983276,158
24224,1,0.0037262349847830387,159
24224,2,-0.004994568218625566,159
24224,3,0.0051374420526522704,158
24225,1,-0.047211358535927485,159
24225,2,-0.07037758028312319,159
24225,3,-0.09809621297156071,158
24226,1,0.03283041022256453,159
24226,2,0.0432863438360646,159
24226,3,0.01364033534478508,158
24227,1,-0.09261099685520224,159
24227,2,-0.08935716760853274,159
24227,3,-0.08641475363238195,158
24228,1,0.1165122122568711,159
24228,2,0.08307495557556864,159
24228,3,0.0897632373542473,158
24229,1,0.037762552055063646,159
24229,2,0.039656319986044776,159
24229,3,0.05926115627918313,158
24230,1,8.346871677390224e-4,159
24230,2,0.016302289366774327,159
24230,3,0.02429201784864223,159
24231,1,0.06273752173644659,159
24231,2,0.0408838360231439,159
24231,3,0.01926702519749263,159
24232,1,-0.09734799253748862,159
24232,2,-0.04077369075324364,159
24232,3,-0.039982414569924726,159
24233,1,0.09543287545863571,159
24233,2,0.07374487282877384,159
24233,3,0.06392750118253855,159
24234,1,0.015074765332882625,159
24234,2,0.009753315626976424,159
24234,3,0.01531353526068739,159
24235,1,-0.05918100600302146,159
24235,2,-0.005888213374051753,159
24235,3,0.01125860952202654,159
24236,1,0.04913930895734853,159
24236,2,0.031199084934127642,159
24236,3,-0.006846250509882057,159
24237,1,0.02555651345741081,160
24237,2,0.011365464718421751,159
24237,3,0.0050677381327724575,159
24238,1,0.059267838403000754,160
24238,2,0.030845601657522318,159
24238,3,0.024504499325961243,159
24239,1,0.043079690039563114,160
24239,2,0.02218423178046335,159
24239,3,0.020459243556356043,159
24240,1,-0.035288246062792725,160
24240,2,2.093592423432163e-5,159
24240,3,0.018376254739217005,159
24241,1,-0.08216584187827566,160
24241,2,-0.08857601487979871,160
24241,3,-0.0710656309177587,159
24242,1,-0.18640627685860217,160
24242,2,-0.16844567795238763,160
24242,3,-0.14722373698901822,159
24243,1,0.18905843261511862,160
24243,2,0.11580234530675061,160
24243,3,0.12455881494572635,159
24244,1,0.05169017646955441,161
24244,2,0.05360767540485107,161
24244,3,0.08244834656720315,160
24245,1,0.023605748497105672,161
24245,2,0.01219870903763574,161
24245,3,0.00685731505532773,160
24246,1,0.020766468364491624,162
24246,2,0.06614159260968566,161
24246,3,0.06760025284501679,161
24247,1,0.06232094975509147,162
24247,2,0.039404345412088405,162
24247,3,0.044899808154356104,161
24248,1,-0.04228533359182976,162
24248,2,-0.006415983490614441,162
24248,3,-0.02276226397023505,161
24249,1,0.0025250950109527858,162
24249,2,-0.011597095768132268,162
24249,3,-0.01331465683075856,161
24250,1,0.20609251915069193,162
24250,2,0.11628179640163278,162
24250,3,0.12019158740514461,162
24251,1,0.05388984207004961,162
24251,2,0.034999484357675976,162
24251,3,0.03225725078035669,162
24252,1,-0.0070054475014546804,162
24252,2,-0.01959787853481953,162
24252,3,0.004644639198814673,162
24253,1,0.10841939272252955,162
24253,2,0.040178363138087696,162
24253,3,0.026509994706877482,162
24254,1,0.07072498538146862,162
24254,2,0.06621343283594759,162
24254,3,0.03447691951259481,162
24255,1,0.04753920279219429,162
24255,2,0.05314077744945118,162
24255,3,0.04772930369587636,162
24256,1,0.0124298194123925,163
24256,2,0.014353424344764866,163
24256,3,0.028420960154433617,162
24257,1,0.006634361166736519,163
24257,2,0.007098939410923589,163
24257,3,0.006456249833727688,162
24258,1,0.018198306416287252,163
24258,2,0.02829419728098708,163
24258,3,0.002993620738333282,162
24259,1,0.015458074170924676,163
24259,2,0.02870329196216238,163
24259,3,0.033973171841698104,162
24260,1,-0.04200785686783003,163
24260,2,-0.048179571447440034,163
24260,3,-0.024770935559129834,162
24261,1,0.046312313813053056,163
24261,2,0.05979308232744736,163
24261,3,0.06925100482184818,162
24262,1,-0.020046250428485176,163
24262,2,-0.019567675041531157,163
24262,3,-0.020003135142074826,162
24263,1,0.07806156982945966,163
24263,2,0.06909429743461527,163
24263,3,0.04280291881286779,163
24264,1,-0.02041839904812285,163
24264,2,-0.06202568383479529,163
24264,3,-0.051951904673999176,163
24265,1,-0.016810477762007777,164
24265,2,-0.0072417582807676505,164
24265,3,-0.014689501618121083,163
24266,1,0.023382792986569926,164
24266,2,0.033771813851730545,164
24266,3,0.041122701394214985,163
24267,1,-0.08275072670978381,164
24267,2,-0.04577421719585723,164
24267,3,-0.06724729684743462,164
24268,1,0.006363392425799014,164
24268,2,-5.578025389502072e-4,164
24268,3,0.021770338014498656,164
24269,1,-0.10410251700389826,165
24269,2,-0.0869588999646093,165
24269,3,-0.08707315545857668,164
24270,1,0.11424089396881226,165
24270,2,0.09221993203186343,165
24270,3,0.07667417914798227,164
24271,1,-0.04007497522866937,165
24271,2,-0.038034162710373076,165
24271,3,-0.004167952658212708,164
24272,1,-0.10437668138117051,165
24272,2,-0.09120271558081351,165
24272,3,-0.07575056320556624,165
24273,1,0.09100184580687878,165
24273,2,0.09583884328341057,165
24273,3,0.11352456088061899,165
24274,1,0.06937743392696881,165
24274,2,0.08111649120708121,165
24274,3,0.05100858053620728,165
24275,1,-0.07221586059017729,165
24275,2,-0.03912635582363149,165
24275,3,-0.04318053394618281,165
24276,1,0.14224031502411125,165
24276,2,0.06865679371036486,165
24276,3,0.023362314835214646,165
24277,1,-0.030631011874552045,165
24277,2,-0.021604876720563077,165
24277,3,-0.024195055583756623,165
24278,1,7.554899794705197e-4,166
24278,2,0.007597384995681382,165
24278,3,0.005448506249419184,165
24279,1,-0.005740518119255507,166
24279,2,0.008382234464333312,165
24279,3,0.009735313138510589,165
24280,1,0.00512545189934234,166
24280,2,-0.04091617127333659,165
24280,3,-0.023990722327664218,165
24281,1,0.08928755062167046,166
24281,2,0.0735756570776481,165
24281,3,0.08645193990197905,165
24282,1,0.0659985248321362,166
24282,2,0.039221944948476514,165
24282,3,0.01799122069856943,165
24283,1,-0.034327496680883675,166
24283,2,-0.02056740260538253,165
24283,3,-0.016496799373340056,165
24284,1,-0.05474231258018931,166
24284,2,-0.03523297666201511,165
24284,3,-0.04848816152105963,165
24285,1,-0.04084949448586258,166
24285,2,-0.02934539312889922,165
24285,3,-0.0394086190749788,165
24286,1,0.09274537300843845,166
24286,2,0.0883310194682637,165
24286,3,0.11511389899175846,165
24287,1,0.07975932705879561,166
24287,2,0.060997229516133226,165
24287,3,0.06732824175926541,165
24288,1,-0.030584548899186874,166
24288,2,-0.001799790929430358,165
24288,3,0.02808243689953737,165
24289,1,0.01980849235517099,166
24289,2,0.04557727334669052,166
24289,3,0.09749698415922255,165
24290,1,0.053884516247018316,166
24290,2,0.04268026050178129,166
24290,3,0.04522401039225535,165
24291,1,-0.032033877178530075,166
24291,2,-0.05093030820287613,166
24291,3,-0.05211879653439572,165
24292,1,0.037422123325862075,166
24292,2,0.020573113988199342,166
24292,3,0.04062938981440602,165
24293,1,-0.015260945397375122,166
24293,2,8.724450934595619e-4,166
24293,3,0.01938901792457039,165
24294,1,0.044940129269240535,166
24294,2,0.05232442444145086,166
24294,3,0.027219024311685484,166
24295,1,0.02191729088437039,166
24295,2,0.028616486731029074,166
24295,3,0.032068564632362254,166
24296,1,0.030787928450221557,166
24296,2,0.019898661030439607,166
24296,3,0.03143304257382013,166
24297,1,-0.027241945033745614,166
24297,2,-0.017993678967481563,166
24297,3,0.010128030368894132,166
24298,1,0.0593553493926365,166
24298,2,0.06413992723339972,166
24298,3,0.09900524542949085,166
24299,1,-0.06004748402298085,167
24299,2,-0.05937798997606641,166
24299,3,-0.06667939201390395,166
24300,1,0.020728987064136273,167
24300,2,0.03178027723691685,166
24300,3,0.06173778040910712,166
24301,1,-0.009463276414292603,167
24301,2,0.013181985852129338,166
24301,3,-0.025531865037220696,166
24302,1,-0.025030088388082714,167
24302,2,-0.020046216005416197,166
24302,3,-0.07144245542178358,166
24303,1,-0.038582354142472824,167
24303,2,-0.019201398544591877,166
24303,3,0.0015756123658665698,166
24304,1,0.03693949684442956,167
24304,2,0.04444799214349897,167
24304,3,0.06748802424364506,167
24305,1,0.05241754603297171,167
24305,2,0.026096582238740042,167
24305,3,0.03829059666755982,167
24306,1,0.020357452608234777,167
24306,2,0.013796101249921963,167
24306,3,0.01034994808659809,167
24307,1,0.04189847709010911,167
24307,2,0.030529509429565796,167
24307,3,0.015575393583078401,167
24308,1,-0.008303159841032057,167
24308,2,0.002594788107995173,167
24308,3,0.050617018898903944,167
24309,1,-0.006260045462594678,167
24309,2,-0.02243745071176176,167
24309,3,0.004005532402675801,167
24310,1,0.027627287702858466,167
24310,2,0.021406865833970546,167
24310,3,0.018001071167478296,167
24311,1,0.011944510661136724,167
24311,2,-7.356198518593465e-4,167
24311,3,0.009352776834259722,167
24312,1,0.023051624399132862,167
24312,2,0.03523474905630961,167
24312,3,0.03829078495726349,167
24313,1,0.025319281463667243,167
24313,2,0.029942395305352944,167
24313,3,0.04570879110210668,167
24314,1,-0.06825062055399891,167
24314,2,-0.05194988179000409,167
24314,3,-0.05299503099127602,167
24315,1,0.012277512820940445,168
24315,2,0.023291493401503688,167
24315,3,0.07130733159266499,167
