midx,long_ret,short_ret,gross_ret,long_cost,short_cost,net_ret
23683,-0.031858796161280546,-0.024920739246188782,-0.006938056915091764,1.959499513372909e-4,1.9288356619362318e-4,-0.009826890432622677
23684,0.04585734695802211,0.089524139535914,-0.04366679257789188,1.959499513372909e-4,1.9288356619362318e-4,-0.0465556260954228
23685,0.04837867179119036,-0.023532508396589026,0.0719111801877794,1.959499513372909e-4,1.9288356619362318e-4,0.06902234667024848
23686,-0.1072663661920392,-0.1521444436141323,0.044878077422093085,1.959499513372909e-4,1.9288356619362318e-4,0.04198924390456217
23687,0.03724600371371586,-0.04466473933924335,0.0819107430529592,1.959499513372909e-4,1.9288356619362318e-4,0.07902190953542829
23688,-0.041441092014948486,0.08433391267535588,-0.12577500469030437,1.959499513372909e-4,1.9288356619362318e-4,-0.12866383820783528
23689,0.006631093815681211,-2.39956203764304e-4,0.006871050019445516,1.959499513372909e-4,1.9288356619362318e-4,0.0039822165019146
23690,-0.04039889273470646,0.004994467614587057,-0.04539336034929352,1.959499513372909e-4,1.9288356619362318e-4,-0.04828219386682443
23691,-0.020592233212263687,-0.062149902631987955,0.04155766941972427,1.959499513372909e-4,1.9288356619362318e-4,0.038668835902193346
23692,-0.043207509121762924,-0.0049991062944075996,-0.038208402827355326,1.959499513372909e-4,1.9288356619362318e-4,-0.04109723634488624
23693,-0.023078573749192588,-0.018127960076090265,-0.004950613673102323,1.959499513372909e-4,1.9288356619362318e-4,-0.00783944719063324
23694,-0.08380875200400396,-0.01228100930028694,-0.07152774270371702,1.959499513372909e-4,1.9288356619362318e-4,-0.07441657622124793
23695,-0.07094168437228593,-0.08956096615007672,0.01861928177779079,1.959499513372909e-4,1.9288356619362318e-4,0.01573044826025988
23696,-0.11153645033424518,-0.1093138281952005,-0.002222622139044686,1.959499513372909e-4,1.9288356619362318e-4,-0.005111455656575599
23697,0.11219500553877475,0.2089697220076086,-0.09677471646883386,1.959499513372909e-4,1.9288356619362318e-4,-0.09966354998636477
23698,-0.04460421301625797,-0.05457453237693435,0.009970319360676376,1.959499513372909e-4,1.9288356619362318e-4,0.007081485843145463
23699,-0.006541292883826502,-0.025634990380547312,0.01909369749672081,1.959499513372909e-4,1.9288356619362318e-4,0.016204863979189896
23700,0.11320757443482518,0.2775562067886325,-0.16434863235380734,1.959499513372909e-4,1.9288356619362318e-4,-0.16723746587133825
23701,0.05966281342544142,0.059288839433412156,3.7397399202926396e-4,1.959499513372909e-4,1.9288356619362318e-4,-0.002514859525501648
23702,0.03345293272863901,0.09289642753049446,-0.05944349480185545,1.959499513372909e-4,1.9288356619362318e-4,-0.062332328319386364
23703,0.049269418965705705,0.04455317030892534,0.0047162486567803655,1.959499513372909e-4,1.9288356619362318e-4,0.0018274151392494533
23704,0.09212277968793936,0.061080642091723245,0.031042137596216116,1.959499513372909e-4,1.9288356619362318e-4,0.028153304078685205
23705,0.06946173610833657,0.04825481111555078,0.021206924992785793,1.959499513372909e-4,1.9288356619362318e-4,0.018318091475254882
23706,-0.048321488840182975,-0.07459361507263484,0.02627212623245187,1.959499513372909e-4,1.9288356619362318e-4,0.02338329271492096
23707,-0.02030167165416815,-0.04810171043140788,0.02780003877723973,1.959499513372909e-4,1.9288356619362318e-4,0.024911205259708816
23708,-0.028213719627790557,-0.047016369338739344,0.018802649710948787,1.959499513372909e-4,1.9288356619362318e-4,0.015913816193417873
23709,0.07791554735733298,0.056403020875964036,0.02151252648136895,1.959499513372909e-4,1.9288356619362318e-4,0.018623692963838038
23710,0.01872733878341521,0.037191740421319716,-0.018464401637904505,1.959499513372909e-4,1.9288356619362318e-4,-0.02135323515543542
23711,-0.019636819486260535,-0.018711409801194304,-9.254096850662315e-4,1.959499513372909e-4,1.9288356619362318e-4,-0.003814243202597147
23712,0.15449337443392322,0.10113027397880056,0.05336310045512266,1.959499513372909e-4,1.9288356619362318e-4,0.050474266937591744
23713,-0.012488538544718394,0.007626655140177707,-0.0201151936848961,1.959499513372909e-4,1.9288356619362318e-4,-0.023004027202427012
23714,0.03418071650638553,0.006400260813690033,0.027780455692695497,1.959499513372909e-4,1.9288356619362318e-4,0.02489162217516459
23715,-0.004135477477614636,-0.013712963525374405,0.00957748604775977,1.959499513372909e-4,1.9288356619362318e-4,0.006688652530228855
23716,-0.018689318440278824,-0.018006884465459595,-6.824339748192285e-4,1.959499513372909e-4,1.9288356619362318e-4,-0.003571267492350144
23717,0.05580002930981254,0.03794185953084143,0.01785816977897111,1.959499513372909e-4,1.9288356619362318e-4,0.014969336261440197
23718,-0.006650149974712305,0.009469469210808955,-0.01611961918552126,1.959499513372909e-4,1.9288356619362318e-4,-0.01900845270305217
23719,0.008564589657913438,-0.002757496421396069,0.011322086079309507,1.959499513372909e-4,1.9288356619362318e-4,0.008433252561778593
23720,0.028769264968348845,0.018383928955687315,0.01038533601266153,1.959499513372909e-4,1.9288356619362318e-4,0.007496502495130614
23721,-0.033116859702028115,-0.033973495286595136,8.566355845670212e-4,1.959499513372909e-4,1.9288356619362318e-4,-0.002032197932963891
23722,0.02359398634135465,-0.023158911992645238,0.046752898333999884,1.959499513372909e-4,1.9288356619362318e-4,0.04386406481646897
23723,0.06482209670819702,0.04892119891665823,0.015900897791538797,1.959499513372909e-4,1.9288356619362318e-4,0.013012064274007884
23724,-0.033202099535552934,-0.0740086248974267,0.04080652536187376,1.959499513372909e-4,1.9288356619362318e-4,0.03791769184434285
23725,-0.01333479747721513,-0.01766489018816946,0.0043300927109543325,1.959499513372909e-4,1.9288356619362318e-4,0.001441259193423417
23726,0.00938772050387056,-0.0078465200984364,0.01723424060230696,1.959499513372909e-4,1.9288356619362318e-4,0.014345407084776047
23727,0.022766950849026652,-0.01591389439439998,0.03868084524342663,1.959499513372909e-4,1.9288356619362318e-4,0.03579201172589572
23728,0.02313144619044103,0.0012052717831044263,0.021926174407336605,1.959499513372909e-4,1.9288356619362318e-4,0.01903734088980569
23729,0.051802350735513494,0.051411745982769035,3.9060475274445977e-4,1.959499513372909e-4,1.9288356619362318e-4,-0.0024982287647864524
23730,-0.0037810113643647002,-0.01247431200917688,0.008693300644812179,1.959499513372909e-4,1.9288356619362318e-4,0.005804467127281264
23731,-0.019042250047782563,0.013144055853744445,-0.032186305901527004,1.959499513372909e-4,1.9288356619362318e-4,-0.035075139419057925
23732,0.00778298934655488,-0.014762022130662671,0.02254501147721755,1.959499513372909e-4,1.9288356619362318e-4,0.01965617795968664
23733,-0.03185783306216584,-0.05795716394330423,0.026099330881138395,1.959499513372909e-4,1.9288356619362318e-4,0.023210497363607484
23734,0.04941293380201063,0.029914980673709273,0.019497953128301358,1.959499513372909e-4,1.9288356619362318e-4,0.016609119610770447
23735,0.007206455670639462,-0.00227987572434731,0.009486331394986773,1.959499513372909e-4,1.9288356619362318e-4,0.006597497877455857
23736,-0.04994883976685506,-0.0562385222172134,0.006289682450358339,1.959499513372909e-4,1.9288356619362318e-4,0.0034008489328274266
23737,0.010050741238741156,-0.023481011839626767,0.03353175307836792,1.959499513372909e-4,1.9288356619362318e-4,0.03064291956083701
23738,0.05581671767670291,0.04619717537865354,0.009619542298049372,1.959499513372909e-4,1.9288356619362318e-4,0.006730708780518459
23739,0.07833547258772255,0.09661026142558504,-0.018274788837862488,1.959499513372909e-4,1.9288356619362318e-4,-0.0211636223553934
23740,0.049425972534552595,0.02314852664267743,0.026277445891875164,1.959499513372909e-4,1.9288356619362318e-4,0.023388612374344253
23741,-0.006939839200230631,-0.0022926610214272967,-0.004647178178803335,1.959499513372909e-4,1.9288356619362318e-4,-0.007536011696334249
23742,0.07959280745158019,0.0423874652443405,0.03720534220723969,1.959499513372909e-4,1.9288356619362318e-4,0.03431650868970878
23743,0.038107207422428534,0.03692880297449137,0.0011784044479371605,1.959499513372909e-4,1.9288356619362318e-4,-0.0017104290695937516
23744,-0.024875422381663327,-0.007682979207969444,-0.017192443173693884,1.959499513372909e-4,1.9288356619362318e-4,-0.020081276691224795
23745,-0.1402719687093666,-0.10107794776737555,-0.03919402094199104,1.959499513372909e-4,1.9288356619362318e-4,-0.04208285445952195
23746,0.03753849930626987,0.016870900372660824,0.020667598933609043,1.959499513372909e-4,1.9288356619362318e-4,0.017778765416078132
23747,0.030670418799776656,-0.0057694344963170165,0.03643985329609367,1.959499513372909e-4,1.9288356619362318e-4,0.03355101977856276
23748,0.04251085575772459,0.06834969115644983,-0.025838835398725238,1.959499513372909e-4,1.9288356619362318e-4,-0.02872766891625615
23749,-0.06765015835061573,-0.03351733363646365,-0.034132824714152084,1.959499513372909e-4,1.9288356619362318e-4,-0.037021658231683
23750,0.06354257291045369,0.042534856849366656,0.021007716061087034,1.959499513372909e-4,1.9288356619362318e-4,0.018118882543556123
23751,0.005032210718465498,-0.006565034163151056,0.011597244881616554,1.959499513372909e-4,1.9288356619362318e-4,0.00870841136408564
23752,-0.03485040674216009,-0.004645566930862575,-0.030204839811297516,1.959499513372909e-4,1.9288356619362318e-4,-0.03309367332882843
23753,0.040454046149287146,0.037939604349118,0.0025144418001691454,1.959499513372909e-4,1.9288356619362318e-4,-3.7439171736176674e-4
23754,0.02007564905295394,0.020626795856919383,-5.511468039654417e-4,1.959499513372909e-4,1.9288356619362318e-4,-0.0034399803214963573
23755,0.08363361954962266,0.07386923833936121,0.00976438121026145,1.959499513372909e-4,1.9288356619362318e-4,0.006875547692730537
23756,0.004427156994133357,-0.01474855981825338,0.019175716812386737,1.959499513372909e-4,1.9288356619362318e-4,0.016286883294855826
23757,-0.0537898848603127,-0.09543641509732598,0.04164653023701328,1.959499513372909e-4,1.9288356619362318e-4,0.038757696719482364
23758,0.07184925779995349,0.07337764886985,-0.0015283910698965092,1.959499513372909e-4,1.9288356619362318e-4,-0.004417224587427422
23759,0.03904754923884518,-0.019538485438593146,0.05858603467743832,1.959499513372909e-4,1.9288356619362318e-4,0.05569720115990741
23760,0.10781453515937621,0.024652245336953135,0.08316228982242307,1.959499513372909e-4,1.9288356619362318e-4,0.08027345630489216
23761,-0.035635982924361015,-0.0512603275386651,0.015624344614304085,1.959499513372909e-4,1.9288356619362318e-4,0.012735511096773173
23762,-0.10386173503351626,-0.060606069645572046,-0.04325566538794421,1.959499513372909e-4,1.9288356619362318e-4,-0.046144498905475125
23763,0.024235354366706905,0.08526138521041077,-0.061026030843703866,1.959499513372909e-4,1.9288356619362318e-4,-0.06391486436123478
23764,0.044707023209923875,0.05619114268721578,-0.011484119477291901,1.959499513372909e-4,1.9288356619362318e-4,-0.014372952994822814
23765,0.01597002275206601,0.034863532397869615,-0.018893509645803604,1.959499513372909e-4,1.9288356619362318e-4,-0.02178234316333452
23766,0.1096871511232816,0.06569472556212244,0.04399242556115916,1.959499513372909e-4,1.9288356619362318e-4,0.04110359204362825
23767,0.04368869513357148,-0.01624408854067398,0.05993278367424546,1.959499513372909e-4,1.9288356619362318e-4,0.05704395015671455
23768,0.023620114097624635,0.005436719619029679,0.018183394478594957,1.959499513372909e-4,1.9288356619362318e-4,0.015294560961064041
23769,4.5609434652724155e-5,-0.023261465206846264,0.02330707464149899,1.959499513372909e-4,1.9288356619362318e-4,0.020418241123968076
23770,0.1250262817636633,-4.00204002496074e-4,0.12542648576615936,1.959499513372909e-4,1.9288356619362318e-4,0.12253765224862845
23771,-0.015285448950752952,0.026287455628226725,-0.04157290457897968,1.959499513372909e-4,1.9288356619362318e-4,-0.04446173809651059
23772,-0.04739270161348927,0.013339486023098599,-0.060732187636587866,1.959499513372909e-4,1.9288356619362318e-4,-0.06362102115411877
23773,0.03050955230039696,0.0046664561972086125,0.025843096103188346,1.959499513372909e-4,1.9288356619362318e-4,0.022954262585657435
23774,0.05404230027223407,0.08763025632690657,-0.033587956054672505,1.959499513372909e-4,1.9288356619362318e-4,-0.03647678957220342
23775,0.009519153511168318,0.002593545622774591,0.006925607888393727,1.959499513372909e-4,1.9288356619362318e-4,0.004036774370862813
23776,0.02356323268794271,0.025198326595243414,-0.001635093907300704,1.959499513372909e-4,1.9288356619362318e-4,-0.00452392742483162
23777,-0.022673763130864503,0.008824049366138936,-0.03149781249700344,1.959499513372909e-4,1.9288356619362318e-4,-0.03438664601453435
23778,-0.04950991139997969,-0.011363637020427739,-0.03814627437955195,1.959499513372909e-4,1.9288356619362318e-4,-0.04103510789708287
23779,-0.06808129733906357,-0.03706452961724139,-0.03101676772182218,1.959499513372909e-4,1.9288356619362318e-4,-0.03390560123935309
23780,-0.051146523908142935,-0.041125981875206864,-0.010020542032936071,1.959499513372909e-4,1.9288356619362318e-4,-0.012909375550466983
23781,0.0787940037054908,0.041943371629843136,0.03685063207564767,1.959499513372909e-4,1.9288356619362318e-4,0.033961798558116756
23782,0.03681750558332489,0.0216538361563003,0.01516366942702459,1.959499513372909e-4,1.9288356619362318e-4,0.012274835909493678
23783,-0.008989756612349669,-0.012103460301067272,0.0031137036887176027,1.959499513372909e-4,1.9288356619362318e-4,2.248701711866888e-4
23784,-0.0030273475783001436,-0.016066052428856427,0.013038704850556283,1.959499513372909e-4,1.9288356619362318e-4,0.010149871333025367
23785,-0.0073172640886630036,-0.06044562747788848,0.053128363389225476,1.959499513372909e-4,1.9288356619362318e-4,0.05023952987169456
23786,0.02599948208838257,-0.0010902626906376415,0.027089744779020212,1.959499513372909e-4,1.9288356619362318e-4,0.024200911261489298
23787,0.036635457972824276,0.04370634714108705,-0.007070889168262776,1.959499513372909e-4,1.9288356619362318e-4,-0.009959722685793688
23788,-0.025283147049120634,-0.04058669884166118,0.015303551792540549,1.959499513372909e-4,1.9288356619362318e-4,0.012414718275009633
23789,-0.0038877786574142486,-0.0326686291887466,0.02878085053133235,1.959499513372909e-4,1.9288356619362318e-4,0.025892017013801435
23790,-0.004925969787007556,-0.028171966411582306,0.02324599662457475,1.959499513372909e-4,1.9288356619362318e-4,0.020357163107043837
23791,0.09919598791434733,0.14087856781654318,-0.04168257990219584,1.959499513372909e-4,1.9288356619362318e-4,-0.04457141341972676
23792,0.04097905973916433,0.002916773032176634,0.0380622867069877,1.959499513372909e-4,1.9288356619362318e-4,0.035173453189456784
23793,0.10740049572129115,0.13663327589573387,-0.029232780174442724,1.959499513372909e-4,1.9288356619362318e-4,-0.03212161369197364
23794,0.08199995601857443,0.07420532962556087,0.007794626393013565,1.959499513372909e-4,1.9288356619362318e-4,0.0049057928754826525
23795,0.01477636539611134,0.01170758966399698,0.0030687757321143597,1.959499513372909e-4,1.9288356619362318e-4,1.7994221458344584e-4
23796,0.05974905791453573,0.05957682845753893,1.7222945699680442e-4,1.959499513372909e-4,1.9288356619362318e-4,-0.0027166040605341077
23797,0.04639051611911637,0.029655889911394864,0.016734626207721506,1.959499513372909e-4,1.9288356619362318e-4,0.013845792690190593
23798,0.05769779069227851,0.030508479701297424,0.027189310990981087,1.959499513372909e-4,1.9288356619362318e-4,0.024300477473450176
23799,0.04739880199203018,0.08583184877880122,-0.03843304678677104,1.959499513372909e-4,1.9288356619362318e-4,-0.04132188030430196
23800,0.04790457541751282,0.027610101262685354,0.020294474154827467,1.959499513372909e-4,1.9288356619362318e-4,0.017405640637296556
23801,0.060230079039436696,0.016461923940733043,0.04376815509870365,1.959499513372909e-4,1.9288356619362318e-4,0.04087932158117274
23802,-0.048944851187810716,-0.018426376000326903,-0.030518475187483813,1.959499513372909e-4,1.9288356619362318e-4,-0.033407308705014724
23803,-0.0066852462353530215,-0.0024696821339450143,-0.004215564101408007,1.959499513372909e-4,1.9288356619362318e-4,-0.007104397618938921
23804,0.020178818601956448,0.053361836844932835,-0.033183018242976384,1.959499513372909e-4,1.9288356619362318e-4,-0.036071851760507305
23805,-0.054315171776760734,0.02130090883675803,-0.07561608061351877,1.959499513372909e-4,1.9288356619362318e-4,-0.07850491413104968
23806,0.04933421827850047,0.007048611703365705,0.04228560657513477,1.959499513372909e-4,1.9288356619362318e-4,0.039396773057603855
23807,0.010384796126237921,-0.01884987944417953,0.02923467557041745,1.959499513372909e-4,1.9288356619362318e-4,0.026345842052886537
23808,-0.0433084757974196,-0.016774922922069207,-0.026533552875350395,1.959499513372909e-4,1.9288356619362318e-4,-0.029422386392881306
23809,-0.05127896461224245,-0.04662370712569675,-0.0046552574865456955,1.959499513372909e-4,1.9288356619362318e-4,-0.007544091004076608
23810,0.015061099422463376,0.01151922985356226,0.0035418695689011168,1.959499513372909e-4,1.9288356619362318e-4,6.530360513702029e-4
23811,0.017537642285949544,-0.003972242353743541,0.021509884639693087,1.959499513372909e-4,1.9288356619362318e-4,0.018621051122162172
23812,-0.05327619180385564,-0.04480244634528938,-0.00847374545856626,1.959499513372909e-4,1.9288356619362318e-4,-0.011362578976097172
23813,0.02586055385769854,0.01307394278942805,0.012786611068270488,1.959499513372909e-4,1.9288356619362318e-4,0.009897777550739574
23814,-0.017829099507104658,-0.03262204537475526,0.014792945867650599,1.959499513372909e-4,1.9288356619362318e-4,0.011904112350119683
23815,0.0814879049338609,0.12222229161611457,-0.04073438668225367,1.959499513372909e-4,1.9288356619362318e-4,-0.04362322019978458
23816,0.01079698832312546,-0.012256824586515521,0.02305381290964098,1.959499513372909e-4,1.9288356619362318e-4,0.02016497939211007
23817,0.019623444122880272,-0.020717368978012272,0.04034081310089255,1.959499513372909e-4,1.9288356619362318e-4,0.037451979583361626
23818,-0.002062801595245445,0.0040953001468599474,-0.006158101742105392,1.959499513372909e-4,1.9288356619362318e-4,-0.009046935259636306
23819,0.037256233662527595,0.025024375642161076,0.01223185802036652,1.959499513372909e-4,1.9288356619362318e-4,0.009343024502835607
23820,0.09320434892700533,0.14553115060626254,-0.05232680167925721,1.959499513372909e-4,1.9288356619362318e-4,-0.055215635196788126
23821,0.03427453253613925,0.002327938497968172,0.03194659403817107,1.959499513372909e-4,1.9288356619362318e-4,0.02905776052064017
23822,0.010028321889242001,-0.008497102802647883,0.018525424691889884,1.959499513372909e-4,1.9288356619362318e-4,0.015636591174358973
23823,0.0060077657095321665,-0.005899072045773747,0.011906837755305913,1.959499513372909e-4,1.9288356619362318e-4,0.009018004237774999
23824,0.07683367168411623,0.06460834564191317,0.012225326042203055,1.959499513372909e-4,1.9288356619362318e-4,0.009336492524672143
23825,0.03844868110062816,0.013908479783484758,0.0245402013171434,1.959499513372909e-4,1.9288356619362318e-4,0.02165136779961249
23826,-0.010549626218717027,0.022380455842920245,-0.03293008206163727,1.959499513372909e-4,1.9288356619362318e-4,-0.03581891557916819
23827,-0.0036167863853293304,-0.029885896089114822,0.02626910970378549,1.959499513372909e-4,1.9288356619362318e-4,0.023380276186254576
23828,-0.06332629987047256,-0.05022719523353566,-0.0130991046369369,1.959499513372909e-4,1.9288356619362318e-4,-0.01598793815446781
23829,0.06983600424743092,0.02024085738301765,0.04959514686441327,1.959499513372909e-4,1.9288356619362318e-4,0.046706313346882355
23830,0.09880200451668135,0.09746803364682245,0.001333970869858897,1.959499513372909e-4,1.9288356619362318e-4,-0.0015548626476720151
23831,0.03745871987171569,0.058542694230636655,-0.021083974358920968,1.959499513372909e-4,1.9288356619362318e-4,-0.02397280787645188
23832,0.06720715872283742,0.014874789316183766,0.05233236940665365,1.959499513372909e-4,1.9288356619362318e-4,0.04944353588912274
23833,0.0865210733867609,0.0925502238641765,-0.00602915047741559,1.959499513372909e-4,1.9288356619362318e-4,-0.008917983994946503
23834,0.07272194435104466,0.03893629579513727,0.03378564855590739,1.959499513372909e-4,1.9288356619362318e-4,0.03089681503837648
23835,-0.005455183123869312,0.015913652980092962,-0.021368836103962275,1.959499513372909e-4,1.9288356619362318e-4,-0.02425766962149319
23836,0.06016974226489814,0.024554548407787483,0.035615193857110664,1.959499513372909e-4,1.9288356619362318e-4,0.03272636033957975
23837,0.03449243788078874,-0.018317199472561017,0.05280963735334976,1.959499513372909e-4,1.9288356619362318e-4,0.049920803835818844
23838,-0.06467706367716897,-0.07409835663401115,0.009421292956842187,1.959499513372909e-4,1.9288356619362318e-4,0.006532459439311274
23839,0.03493559639718957,0.0821011734233863,-0.047165577026196726,1.959499513372909e-4,1.9288356619362318e-4,-0.05005441054372764
23840,-0.10579094924305117,-0.05534162802408226,-0.05044932121896891,1.959499513372909e-4,1.9288356619362318e-4,-0.053338154736499825
23841,0.06439368868354028,0.020160803048951653,0.04423288563458863,1.959499513372909e-4,1.9288356619362318e-4,0.04134405211705772
23842,0.002785467680144728,0.011028385739224458,-0.008242918059079729,1.959499513372909e-4,1.9288356619362318e-4,-0.011131751576610643
23843,-0.021529676787461663,-0.03346489692701162,0.011935220139549958,1.959499513372909e-4,1.9288356619362318e-4,0.009046386622019042
23844,0.14589462869956413,0.15346495757008524,-0.007570328870521115,1.959499513372909e-4,1.9288356619362318e-4,-0.010459162388052027
23845,0.058176277370184416,0.07114572973072031,-0.012969452360535892,1.959499513372909e-4,1.9288356619362318e-4,-0.015858285878066803
23846,0.00910767532481489,0.017096113096053016,-0.007988437771238126,1.959499513372909e-4,1.9288356619362318e-4,-0.010877271288769043
23847,-0.035570621364342164,-0.019552714490367034,-0.01601790687397513,1.959499513372909e-4,1.9288356619362318e-4,-0.01890674039150604
23848,0.014874664896881102,9.435473551548204e-4,0.013931117541726282,1.959499513372909e-4,1.9288356619362318e-4,0.011042284024195366
23849,0.04152668178843395,0.030658220227573384,0.01086846156086057,1.959499513372909e-4,1.9288356619362318e-4,0.007979628043329657
23850,0.03712446821103795,0.03859737344526278,-0.0014729052342248306,1.959499513372909e-4,1.9288356619362318e-4,-0.004361738751755743
23851,0.05872956819463032,0.04389325097847285,0.014836317216157469,1.959499513372909e-4,1.9288356619362318e-4,0.011947483698626556
23852,-0.006384356734582139,-0.033986816410000675,0.027602459675418536,1.959499513372909e-4,1.9288356619362318e-4,0.024713626157887622
23853,-0.27457166267709365,-0.17317295660406976,-0.1013987060730239,1.959499513372909e-4,1.9288356619362318e-4,-0.10428753959055484
23854,-0.05461492138927199,-0.05686382771639526,0.002248906327123268,1.959499513372909e-4,1.9288356619362318e-4,-6.399271904076443e-4
23855,0.1551403944376842,0.01076195763765097,0.14437843680003323,1.959499513372909e-4,1.9288356619362318e-4,0.14148960328250232
23856,0.005765336583935665,0.11067912575943029,-0.10491378917549463,1.959499513372909e-4,1.9288356619362318e-4,-0.10780262269302554
23857,0.07217098292674363,0.05496755543655614,0.017203427490187495,1.959499513372909e-4,1.9288356619362318e-4,0.014314593972656582
23858,-0.003491008138418371,0.010959176144639345,-0.014450184283057716,1.959499513372909e-4,1.9288356619362318e-4,-0.01733901780058863
23859,0.01047292729216643,0.01621731909640679,-0.00574439180424036,1.959499513372909e-4,1.9288356619362318e-4,-0.008633225321771276
23860,-0.007318848891566303,0.003866608675129985,-0.011185457566696288,1.959499513372909e-4,1.9288356619362318e-4,-0.014074291084227203
23861,0.05239980375049202,0.07947251804978203,-0.027072714299290014,1.959499513372909e-4,1.9288356619362318e-4,-0.029961547816820925
23862,-0.015282667682069886,0.0029630960390350063,-0.018245763721104893,1.959499513372909e-4,1.9288356619362318e-4,-0.021134597238635807
23863,-0.03627761375399715,0.006449856314491869,-0.04272747006848902,1.959499513372909e-4,1.9288356619362318e-4,-0.04561630358601993
23864,0.04061073662134327,0.02829175931264846,0.012318977308694811,1.959499513372909e-4,1.9288356619362318e-4,0.009430143791163898
23865,0.010061614030991303,0.010302236615129098,-2.406225841377948e-4,1.959499513372909e-4,1.9288356619362318e-4,-0.0031294561016687087
23866,-0.014774076652703784,-0.031747479124788584,0.0169734024720848,1.959499513372909e-4,1.9288356619362318e-4,0.014084568954553884
23867,0.018616916871034565,0.04035685079469028,-0.021739933923655714,1.959499513372909e-4,1.9288356619362318e-4,-0.024628767441186628
23868,0.07256880965268826,0.05796737622131236,0.014601433431375904,1.959499513372909e-4,1.9288356619362318e-4,0.011712599913844992
23869,0.013880551241528453,-0.019339021985721263,0.033219573227249714,1.959499513372909e-4,1.9288356619362318e-4,0.030330739709718803
23870,0.03300872241136602,0.021342562720570894,0.011666159690795128,1.959499513372909e-4,1.9288356619362318e-4,0.008777326173264216
23871,0.056555937226908624,0.04599761357388926,0.010558323653019362,1.959499513372909e-4,1.9288356619362318e-4,0.00766949013548845
23872,0.04589805757701879,0.04684887508234806,-9.508175053292642e-4,1.959499513372909e-4,1.9288356619362318e-4,-0.0038396510228601763
23873,0.0026356749526385286,-0.03374708307318626,0.03638275802582479,1.959499513372909e-4,1.9288356619362318e-4,0.033493924508293874
23874,0.10211505672039102,0.040892434736854666,0.061222621983536354,1.959499513372909e-4,1.9288356619362318e-4,0.05833378846600544
23875,0.02824449468646952,0.038843921361309,-0.010599426674839482,1.959499513372909e-4,1.9288356619362318e-4,-0.013488260192370398
23876,0.015101599549758203,-0.010199990674032225,0.02530159022379043,1.959499513372909e-4,1.9288356619362318e-4,0.022412756706259515
23877,-0.020136773775706784,-0.04497687265248413,0.024840098876777347,1.959499513372909e-4,1.9288356619362318e-4,0.021951265359246432
23878,0.03431511695912008,0.015085444524289686,0.019229672434830397,1.959499513372909e-4,1.9288356619362318e-4,0.016340838917299486
23879,0.014518533892223602,0.03862538926401313,-0.024106855371789526,1.959499513372909e-4,1.9288356619362318e-4,-0.026995688889320437
23880,-0.08253012094088209,-0.043219448247842705,-0.03931067269303939,1.959499513372909e-4,1.9288356619362318e-4,-0.0421995062105703
23881,0.030887529394700665,0.03532604333640831,-0.0044385139417076475,1.959499513372909e-4,1.9288356619362318e-4,-0.0073273474592385635
23882,0.03584895582817406,0.06266836623705359,-0.02681941040887953,1.959499513372909e-4,1.9288356619362318e-4,-0.02970824392641044
23883,-0.020195684874231328,-0.040212212516292964,0.020016527642061636,1.959499513372909e-4,1.9288356619362318e-4,0.01712769412453072
23884,0.1137257706873752,0.0887181860248733,0.0250075846625019,1.959499513372909e-4,1.9288356619362318e-4,0.02211875114497099
23885,0.015715473678407726,-0.006429392336250001,0.022144866014657726,1.959499513372909e-4,1.9288356619362318e-4,0.019256032497126815
23886,4.1126473079419995e-4,-0.04549682010149654,0.04590808483229074,1.959499513372909e-4,1.9288356619362318e-4,0.043019251314759824
23887,-0.1067417184827147,-0.11321903691352815,0.00647731843081345,1.959499513372909e-4,1.9288356619362318e-4,0.003588484913282538
23888,-0.0692105751401258,-0.08196578249006034,0.012755207349934544,1.959499513372909e-4,1.9288356619362318e-4,0.009866373832403632
23889,-0.01698169642851119,-0.043473218390115746,0.026491521961604557,1.959499513372909e-4,1.9288356619362318e-4,0.023602688444073643
23890,0.08494754754375601,0.12748967390970817,-0.04254212636595216,1.959499513372909e-4,1.9288356619362318e-4,-0.04543095988348307
23891,0.021567721527967352,0.0440030254595321,-0.02243530393156475,1.959499513372909e-4,1.9288356619362318e-4,-0.025324137449095663
23892,0.05217378754298123,0.14999319388950688,-0.09781940634652565,1.959499513372909e-4,1.9288356619362318e-4,-0.10070823986405657
23893,0.0927174245419502,0.10937715824247023,-0.016659733700520027,1.959499513372909e-4,1.9288356619362318e-4,-0.019548567218050938
23894,0.0578918847908898,0.04631132901701202,0.01158055577387778,1.959499513372909e-4,1.9288356619362318e-4,0.008691722256346868
23895,0.014770880409138562,0.013541626066385192,0.00122925434275337,1.959499513372909e-4,1.9288356619362318e-4,-0.001659579174777544
23896,0.046971013745166934,0.07326037938635901,-0.02628936564119208,1.959499513372909e-4,1.9288356619362318e-4,-0.02917819915872299
23897,-0.04056060872393178,-0.027717207081297563,-0.012843401642634217,1.959499513372909e-4,1.9288356619362318e-4,-0.01573223516016513
23898,0.06733987019241217,0.02172048133802821,0.045619388854383956,1.959499513372909e-4,1.9288356619362318e-4,0.04273055533685304
23899,0.062384585161836655,0.025242052487821423,0.03714253267401523,1.959499513372909e-4,1.9288356619362318e-4,0.03425369915648432
23900,0.00493264241045168,-0.025548388825794004,0.030481031236245685,1.959499513372909e-4,1.9288356619362318e-4,0.02759219771871477
23901,0.06786809986182935,0.013166535249123168,0.05470156461270618,1.959499513372909e-4,1.9288356619362318e-4,0.051812731095175264
23902,-0.03360595471618141,-0.03400929550069338,4.0334078451196437e-4,1.959499513372909e-4,1.9288356619362318e-4,-0.002485492733018948
23903,0.15452465305822813,0.07463516551072348,0.07988948754750465,1.959499513372909e-4,1.9288356619362318e-4,0.07700065402997373
23904,0.05352811140236768,0.026980436197916808,0.02654767520445087,1.959499513372909e-4,1.9288356619362318e-4,0.02365884168691996
23905,0.03213806084123561,0.00618435685181278,0.02595370398942283,1.959499513372909e-4,1.9288356619362318e-4,0.023064870471891923
23906,-0.02858152238299888,-0.020102395326913852,-0.008479127056085028,1.959499513372909e-4,1.9288356619362318e-4,-0.011367960573615945
23907,-0.014318729721612532,0.03123341428301913,-0.04555214400463166,1.959499513372909e-4,1.9288356619362318e-4,-0.04844097752216258
23908,0.014505220588128856,0.01874286620197969,-0.004237645613850835,1.959499513372909e-4,1.9288356619362318e-4,-0.007126479131381751
23909,-0.03522199718076144,-0.023037102213603954,-0.012184894967157484,1.959499513372909e-4,1.9288356619362318e-4,-0.015073728484688397
23910,0.06253122277322322,0.047469303600367184,0.015061919172856035,1.959499513372909e-4,1.9288356619362318e-4,0.012173085655325122
23911,-0.030765432150773726,-0.014691055121745627,-0.0160743770290281,1.959499513372909e-4,1.9288356619362318e-4,-0.01896321054655901
23912,0.027572445382805143,0.026753551625536626,8.188937572685163e-4,1.959499513372909e-4,1.9288356619362318e-4,-0.0020699397602623993
23913,0.042257123140633644,0.0233120218912451,0.018945101249388543,1.959499513372909e-4,1.9288356619362318e-4,0.016056267731857633
23914,0.05883882484315367,0.0594358072475412,-5.969824043875332e-4,1.959499513372909e-4,1.9288356619362318e-4,-0.0034858159219184454
23915,0.042002772183446224,0.009481669495573873,0.03252110268787235,1.959499513372909e-4,1.9288356619362318e-4,0.02963226917034144
23916,0.046052888154719786,0.015936929047790784,0.030115959106929,1.959499513372909e-4,1.9288356619362318e-4,0.02722712558939809
23917,0.018617022471343746,-0.02343249510054862,0.04204951757189236,1.959499513372909e-4,1.9288356619362318e-4,0.03916068405436145
23918,0.04511613692265178,0.03289762353177935,0.012218513390872432,1.959499513372909e-4,1.9288356619362318e-4,0.00932967987334152
23919,-0.03887545771248393,-0.0034628127509583146,-0.035412644961525616,1.959499513372909e-4,1.9288356619362318e-4,-0.038301478479056524
23920,0.04849307403645362,0.052608063909747114,-0.0041149898732934925,1.959499513372909e-4,1.9288356619362318e-4,-0.007003823390824405
23921,0.03209010848001015,-0.015514819364996622,0.04760492784500677,1.959499513372909e-4,1.9288356619362318e-4,0.04471609432747586
23922,0.017451888367116752,-0.01696514747196226,0.03441703583907901,1.959499513372909e-4,1.9288356619362318e-4,0.0315282023215481
23923,0.07426450318158159,0.05069411717274926,0.02357038600883233,1.959499513372909e-4,1.9288356619362318e-4,0.02068155249130142
23924,0.03771275281799782,-0.007557543186862027,0.04527029600485984,1.959499513372909e-4,1.9288356619362318e-4,0.04238146248732893
23925,0.00286516987640102,0.3463582761912621,-0.3434931063148611,1.959499513372909e-4,1.9288356619362318e-4,-0.34638193983239196
23926,-0.027345477681295572,-5.865253452734368e-4,-0.026758952336022136,1.959499513372909e-4,1.9288356619362318e-4,-0.029647785853553047
23927,0.037316115856646265,0.014176146286245922,0.02313996957040034,1.959499513372909e-4,1.9288356619362318e-4,0.020251136052869434
23928,0.027511607123870557,0.025766159068530047,0.00174544805534051,1.959499513372909e-4,1.9288356619362318e-4,-0.0011433854621904055
23929,3.3727882561235137e-4,-0.010021814391405837,0.010359093217018188,1.959499513372909e-4,1.9288356619362318e-4,0.007470259699487274
23930,-0.045071728808355055,-0.0324475398303216,-0.012624188978033454,1.959499513372909e-4,1.9288356619362318e-4,-0.015513022495564367
23931,-8.816402909612209e-4,0.020874328391791565,-0.021755968682752785,1.959499513372909e-4,1.9288356619362318e-4,-0.0246448022002837
23932,0.001765927837160424,2.2388031662317687e-4,0.001542047520537247,1.959499513372909e-4,1.9288356619362318e-4,-0.0013467859969936672
23933,-0.018437449262054945,-0.022512280234002178,0.0040748309719472325,1.959499513372909e-4,1.9288356619362318e-4,0.001185997454416317
23934,0.033729793097620954,0.037500419967563606,-0.0037706268699426518,1.959499513372909e-4,1.9288356619362318e-4,-0.006659460387473564
23935,0.06582407993578565,0.050452835367499706,0.015371244568285945,1.959499513372909e-4,1.9288356619362318e-4,0.012482411050755033
23936,0.0031622799319234373,-0.01536982362736654,0.018532103559289977,1.959499513372909e-4,1.9288356619362318e-4,0.015643270041759066
23937,0.134243567623796,0.022490365428841457,0.11175320219495453,1.959499513372909e-4,1.9288356619362318e-4,0.10886436867742362
23938,-0.03263930701440096,-0.031458593126077315,-0.0011807138883236437,1.959499513372909e-4,1.9288356619362318e-4,-0.004069547405854556
23939,0.027383951399740137,-0.010291828977106027,0.037675780376846164,1.959499513372909e-4,1.9288356619362318e-4,0.03478694685931525
23940,-0.003285722693958548,0.05427040737686942,-0.057556130070827966,1.959499513372909e-4,1.9288356619362318e-4,-0.06044496358835888
23941,0.05309663232568709,0.05031541133336655,0.002781220992320546,1.959499513372909e-4,1.9288356619362318e-4,-1.0761252521036607e-4
23942,0.046771681695073695,0.02042408698449897,0.026347594710574726,1.959499513372909e-4,1.9288356619362318e-4,0.023458761193043815
23943,0.03215285913945155,0.022351894413064136,0.009800964726387418,1.959499513372909e-4,1.9288356619362318e-4,0.006912131208856505
23944,0.02751234414114982,0.04542687324777888,-0.01791452910662906,1.959499513372909e-4,1.9288356619362318e-4,-0.020803362624159976
23945,0.07889596515909829,0.021286708718046964,0.057609256441051325,1.959499513372909e-4,1.9288356619362318e-4,0.05472042292352041
23946,0.06733888199870232,0.04066649103721904,0.02667239096148328,1.959499513372909e-4,1.9288356619362318e-4,0.023783557443952368
23947,0.01905575718938787,0.016777943181587488,0.0022778140078003814,1.959499513372909e-4,1.9288356619362318e-4,-6.110195097305342e-4
23948,0.04190124903538634,0.018154399632756626,0.023746849402629715,1.959499513372909e-4,1.9288356619362318e-4,0.020858015885098804
23949,0.008551157700703822,-0.02864717919338035,0.03719833689408417,1.959499513372909e-4,1.9288356619362318e-4,0.03430950337655325
23950,0.03606359963990641,0.0562049925438915,-0.02014139290398509,1.959499513372909e-4,1.9288356619362318e-4,-0.023030226421516
23951,0.010235952255475293,0.010120402560235308,1.1554969523998489e-4,1.959499513372909e-4,1.9288356619362318e-4,-0.002773283822290929
23952,0.017401222698225118,0.01820435725549469,-8.031345572695713e-4,1.959499513372909e-4,1.9288356619362318e-4,-0.003691968074800487
23953,0.022159828007632814,0.021977591208635017,1.822367989977973e-4,1.959499513372909e-4,1.9288356619362318e-4,-0.0027065967185331183
23954,0.014845254438525586,0.030294330391155328,-0.015449075952629742,1.959499513372909e-4,1.9288356619362318e-4,-0.018337909470160656
23955,0.03460551475142361,0.04778924276364617,-0.013183728012222562,1.959499513372909e-4,1.9288356619362318e-4,-0.016072561529753473
23956,0.03666050092390769,0.010720898432639377,0.025939602491268317,1.959499513372909e-4,1.9288356619362318e-4,0.023050768973737406
23957,-0.0029063421128098415,-0.014373660301634958,0.011467318188825116,1.959499513372909e-4,1.9288356619362318e-4,0.008578484671294203
23958,-0.05776008893720856,-0.07520818523075007,0.017448096293541507,1.959499513372909e-4,1.9288356619362318e-4,0.014559262776010594
23959,0.05602142970273656,0.035743570737629377,0.020277858965107184,1.959499513372909e-4,1.9288356619362318e-4,0.017389025447576274
23960,0.06349785956766936,0.04890715376151269,0.014590705806156672,1.959499513372909e-4,1.9288356619362318e-4,0.011701872288625759
23961,0.03217162931354196,-0.003463017662941656,0.03563464697648362,1.959499513372909e-4,1.9288356619362318e-4,0.03274581345895271
23962,0.059306864132657885,0.09286841263279699,-0.03356154850013911,1.959499513372909e-4,1.9288356619362318e-4,-0.03645038201767002
23963,-0.00313638673086111,0.015709847865765906,-0.018846234596627015,1.959499513372909e-4,1.9288356619362318e-4,-0.02173506811415793
23964,0.05060490854547896,0.04570188081826064,0.004903027727218318,1.959499513372909e-4,1.9288356619362318e-4,0.0020141942096874054
23965,-0.005094333396489756,-0.0014582233210712239,-0.0036361100754185322,1.959499513372909e-4,1.9288356619362318e-4,-0.0065249435929494465
23966,-0.040534752860833884,-0.03763886983554729,-0.002895883025286594,1.959499513372909e-4,1.9288356619362318e-4,-0.005784716542817507
23967,0.04909339200550293,0.013268939619916553,0.035824452385586375,1.959499513372909e-4,1.9288356619362318e-4,0.03293561886805547
23968,0.0720099044267003,0.08599459170454449,-0.013984687277844188,1.959499513372909e-4,1.9288356619362318e-4,-0.0168735207953751
23969,0.049858955314576764,0.04896717545066725,8.917798639095156e-4,1.959499513372909e-4,1.9288356619362318e-4,-0.0019970536536213965
23970,0.10345731574906221,0.06525851816952064,0.038198797579541574,1.959499513372909e-4,1.9288356619362318e-4,0.03530996406201066
23971,-0.02515611264596269,0.025768510729397343,-0.05092462337536004,1.959499513372909e-4,1.9288356619362318e-4,-0.05381345689289095
23972,0.0689992119699237,0.0690066957390383,-7.48376911459403e-6,1.959499513372909e-4,1.9288356619362318e-4,-0.002896317286645506
23973,-0.057247820477484314,-0.013453386544214302,-0.04379443393327001,1.959499513372909e-4,1.9288356619362318e-4,-0.046683267450800925
23974,0.02806191661501582,0.03580087647220715,-0.007738959857191332,1.959499513372909e-4,1.9288356619362318e-4,-0.010627793374722248
23975,0.020003213521112475,0.02125896924168267,-0.0012557557205701946,1.959499513372909e-4,1.9288356619362318e-4,-0.004144589238101111
23976,-1.2726048498675797e-4,0.005932476315378559,-0.006059736800365317,1.959499513372909e-4,1.9288356619362318e-4,-0.008948570317896231
23977,0.08756873397857808,0.07083806438051737,0.016730669598060702,1.959499513372909e-4,1.9288356619362318e-4,0.01384183608052979
23978,0.053851920673760885,0.04018737348286541,0.013664547190895472,1.959499513372909e-4,1.9288356619362318e-4,0.01077571367336456
23979,0.021828776713078132,0.023393871473814054,-0.0015650947607359217,1.959499513372909e-4,1.9288356619362318e-4,-0.004453928278266838
23980,-0.026764764994981722,-0.038781021945081005,0.012016256950099283,1.959499513372909e-4,1.9288356619362318e-4,0.009127423432568367
23981,0.05664623363587765,-0.023029720018549485,0.07967595365442715,1.959499513372909e-4,1.9288356619362318e-4,0.07678712013689623
23982,-0.01003935654295856,-0.047769128639060694,0.037729772096102135,1.959499513372909e-4,1.9288356619362318e-4,0.03484093857857122
23983,-0.1631413581647919,-0.16908052457388265,0.005939166409090757,1.959499513372909e-4,1.9288356619362318e-4,0.003050332891559845
23984,0.08908812882020258,0.09717723829332373,-0.00808910947312115,1.959499513372909e-4,1.9288356619362318e-4,-0.010977942990652063
23985,0.08375862747142826,0.11167859136014316,-0.0279199638887149,1.959499513372909e-4,1.9288356619362318e-4,-0.03080879740624581
23986,0.05397672543162026,0.04324847037452603,0.010728255057094224,1.959499513372909e-4,1.9288356619362318e-4,0.007839421539563312
23987,0.09418657574863402,0.04315140445418451,0.05103517129444952,1.959499513372909e-4,1.9288356619362318e-4,0.0481463377769186
23988,0.02287287234990316,0.013746886067630373,0.009125986282272788,1.959499513372909e-4,1.9288356619362318e-4,0.006237152764741873
23989,-0.03832040190979262,-0.020605792240274617,-0.017714609669518003,1.959499513372909e-4,1.9288356619362318e-4,-0.020603443187048914
23990,0.03213733856937169,0.01690248412319766,0.01523485444617403,1.959499513372909e-4,1.9288356619362318e-4,0.012346020928643118
23991,0.034063090407079256,0.12380535130631949,-0.08974226089924023,1.959499513372909e-4,1.9288356619362318e-4,-0.09263109441677114
23992,-0.023283294646426353,0.026494482331154624,-0.04977777697758098,1.959499513372909e-4,1.9288356619362318e-4,-0.0526666104951119
23993,0.08924401841321125,0.025372010375160636,0.06387200803805061,1.959499513372909e-4,1.9288356619362318e-4,0.0609831745205197
23994,-0.01057979580106744,-0.03526779851123954,0.024688002710172102,1.959499513372909e-4,1.9288356619362318e-4,0.021799169192641184
23995,-0.003938383764181221,-0.02687076714729767,0.02293238338311645,1.959499513372909e-4,1.9288356619362318e-4,0.020043549865585535
23996,0.0012232605549045408,-0.05101774271873221,0.05224100327363675,1.959499513372909e-4,1.9288356619362318e-4,0.04935216975610583
23997,0.05870094425740011,-0.008599086868227478,0.06730003112562759,1.959499513372909e-4,1.9288356619362318e-4,0.06441119760809667
23998,0.06455204517928119,-0.0012859047596715176,0.0658379499389527,1.959499513372909e-4,1.9288356619362318e-4,0.0629491164214218
23999,0.13245248444741975,0.009365715694485814,0.12308676875293394,1.959499513372909e-4,1.9288356619362318e-4,0.12019793523540302
24000,-0.0334515507745928,-0.017797778331894568,-0.015653772442698236,1.959499513372909e-4,1.9288356619362318e-4,-0.018542605960229146
24001,0.09591502208811706,-0.04430954136554829,0.14022456345366535,1.959499513372909e-4,1.9288356619362318e-4,0.13733572993613444
24002,0.05791889613715655,0.11650663233704876,-0.058587736199892215,1.959499513372909e-4,1.9288356619362318e-4,-0.06147656971742313
24003,-0.0055265710618450994,0.02466132242663928,-0.03018789348848438,1.959499513372909e-4,1.9288356619362318e-4,-0.03307672700601529
24004,-0.023070942815068125,0.050898145499176116,-0.07396908831424424,1.959499513372909e-4,1.9288356619362318e-4,-0.07685792183177516
24005,0.09226658361563359,-0.055059014317154105,0.14732559793278768,1.959499513372909e-4,1.9288356619362318e-4,0.14443676441525677
24006,0.0010575055815018127,0.04675678957554204,-0.045699283994040225,1.959499513372909e-4,1.9288356619362318e-4,-0.04858811751157114
24007,0.12406832988650814,0.06455056012186881,0.05951776976463932,1.959499513372909e-4,1.9288356619362318e-4,0.05662893624710841
24008,-0.032399708888074086,6.148667842857524e-4,-0.03301457567235984,1.959499513372909e-4,1.9288356619362318e-4,-0.03590340918989075
24009,-0.023780945298176155,0.05163587933900837,-0.07541682463718452,1.959499513372909e-4,1.9288356619362318e-4,-0.07830565815471545
24010,-0.09134601793517699,0.0035361808083516923,-0.09488219874352868,1.959499513372909e-4,1.9288356619362318e-4,-0.0977710322610596
24011,0.07300246554211012,0.06496976250515366,0.008032703036956468,1.959499513372909e-4,1.9288356619362318e-4,0.005143869519425555
24012,-0.025852814891816515,0.11238070805440013,-0.13823352294621666,1.959499513372909e-4,1.9288356619362318e-4,-0.14112235646374757
24013,-0.0066791988149522315,-0.08226927567954131,0.07559007686458909,1.959499513372909e-4,1.9288356619362318e-4,0.07270124334705816
24014,-0.030065557890334087,-0.050786298304039766,0.02072074041370568,1.959499513372909e-4,1.9288356619362318e-4,0.017831906896174764
24015,0.06622603678825953,0.15118026107184984,-0.08495422428359031,1.959499513372909e-4,1.9288356619362318e-4,-0.08784305780112123
24016,0.029482057112937995,0.049446328913269,-0.019964271800331005,1.959499513372909e-4,1.9288356619362318e-4,-0.02285310531786192
24017,-9.481923130356711e-4,-0.002809172836219264,0.0018609805231835927,1.959499513372909e-4,1.9288356619362318e-4,-0.0010278529943473214
24018,0.0067677248679223565,-0.002982101729524036,0.009749826597446392,1.959499513372909e-4,1.9288356619362318e-4,0.006860993079915478
24019,-0.016632837266783267,-0.05640773017829448,0.03977489291151121,1.959499513372909e-4,1.9288356619362318e-4,0.03688605939398029
24020,-0.06192055779351538,-0.14520551436588924,0.08328495657237386,1.959499513372909e-4,1.9288356619362318e-4,0.08039612305484295
24021,0.04029840715009637,0.0991418124898769,-0.05884340533978053,1.959499513372909e-4,1.9288356619362318e-4,-0.061732238857311446
24022,0.06536242853158669,0.13306478418499826,-0.06770235565341157,1.959499513372909e-4,1.9288356619362318e-4,-0.07059118917094248
24023,0.04255925869481609,0.044209301071047986,-0.0016500423762318972,1.959499513372909e-4,1.9288356619362318e-4,-0.00453887589376281
24024,0.02615417806151561,-0.01307155424019763,0.03922573230171324,1.959499513372909e-4,1.9288356619362318e-4,0.03633689878418232
24025,0.009597473302586331,-0.0379362125731376,0.04753368587572393,1.959499513372909e-4,1.9288356619362318e-4,0.04464485235819301
24026,0.05150117603467249,0.10032771611220934,-0.04882654007753685,1.959499513372909e-4,1.9288356619362318e-4,-0.05171537359506776
24027,0.006391748245249329,-0.07006204874003624,0.07645379698528557,1.959499513372909e-4,1.9288356619362318e-4,0.07356496346775465
24028,-0.0070157349003878685,-0.03569937231521752,0.02868363741482965,1.959499513372909e-4,1.9288356619362318e-4,0.025794803897298737
24029,-0.028877069646391963,-0.0951985623702508,0.06632149272385884,1.959499513372909e-4,1.9288356619362318e-4,0.06343265920632793
24030,-0.07086505344373281,-0.1261684497089342,0.05530339626520139,1.959499513372909e-4,1.9288356619362318e-4,0.05241456274767048
24031,0.011826887793178672,0.02326151184764907,-0.0114346240544704,1.959499513372909e-4,1.9288356619362318e-4,-0.014323457572001316
24032,-0.033690547965412175,-0.1324451434188988,0.09875459545348661,1.959499513372909e-4,1.9288356619362318e-4,0.0958657619359557
24033,0.03721659750175038,0.08968049465804431,-0.05246389715629393,1.959499513372909e-4,1.9288356619362318e-4,-0.055352730673824846
24034,0.060332211806212246,0.1730425984809394,-0.11271038667472714,1.959499513372909e-4,1.9288356619362318e-4,-0.11559922019225806
24035,-0.015590924185812191,-0.09310068808112144,0.07750976389530925,1.959499513372909e-4,1.9288356619362318e-4,0.07462093037777834
24036,-0.025713928630023433,-0.01884482965463515,-0.006869098975388285,1.959499513372909e-4,1.9288356619362318e-4,-0.0097579324929192
24037,-3.792178422476636e-4,-0.018088368306041505,0.01770915046379384,1.959499513372909e-4,1.9288356619362318e-4,0.014820316946262924
24038,0.019678783433169453,0.02535228250628634,-0.005673499073116886,1.959499513372909e-4,1.9288356619362318e-4,-0.008562332590647802
24039,0.05592765168327766,0.147570372652474,-0.09164272096919635,1.959499513372909e-4,1.9288356619362318e-4,-0.09453155448672726
24040,0.06767608288361607,0.1775231435895199,-0.10984706070590383,1.959499513372909e-4,1.9288356619362318e-4,-0.11273589422343475
24041,0.007255353348636045,0.01964912056867802,-0.012393767220041974,1.959499513372909e-4,1.9288356619362318e-4,-0.01528260073757289
24042,0.04024811839856368,0.061375449115853575,-0.021127330717289894,1.959499513372909e-4,1.9288356619362318e-4,-0.024016164234820805
24043,0.059511849023248145,0.042906661861230926,0.01660518716201722,1.959499513372909e-4,1.9288356619362318e-4,0.013716353644486307
24044,-0.017207398944075285,-0.014290186399484773,-0.002917212544590512,1.959499513372909e-4,1.9288356619362318e-4,-0.0058060460621214265
24045,0.1324182443156192,0.059472524575580644,0.07294571974003855,1.959499513372909e-4,1.9288356619362318e-4,0.07005688622250764
24046,0.03926154411069247,0.02045805173261791,0.018803492378074563,1.959499513372909e-4,1.9288356619362318e-4,0.015914658860543652
24047,0.01833695910782889,0.05614886214651816,-0.03781190303868927,1.959499513372909e-4,1.9288356619362318e-4,-0.04070073655622018
24048,0.04221898239865277,0.021820835479473007,0.020398146919179766,1.959499513372909e-4,1.9288356619362318e-4,0.017509313401648855
24049,0.021036861823707828,0.030084567419876848,-0.00904770559616902,1.959499513372909e-4,1.9288356619362318e-4,-0.011936539113699936
24050,0.014779408989607168,-0.005329513856126246,0.020108922845733415,1.959499513372909e-4,1.9288356619362318e-4,0.0172200893282025
24051,-0.04366207715776201,-0.002952032713139304,-0.04071004444462271,1.959499513372909e-4,1.9288356619362318e-4,-0.04359887796215362
24052,0.042912162728912136,0.01611885047798406,0.026793312250928077,1.959499513372909e-4,1.9288356619362318e-4,0.023904478733397166
24053,0.05098094284036302,0.027034627859382546,0.02394631498098047,1.959499513372909e-4,1.9288356619362318e-4,0.02105748146344956
24054,-0.04631592107618789,-0.03517869743563143,-0.011137223640556464,1.959499513372909e-4,1.9288356619362318e-4,-0.014026057158087376
24055,-0.004052837681586966,0.014061653843708296,-0.018114491525295262,1.959499513372909e-4,1.9288356619362318e-4,-0.021003325042826173
24056,0.05982066751230203,0.02166938207390468,0.03815128543839735,1.959499513372909e-4,1.9288356619362318e-4,0.03526245192086644
24057,0.02672006830282905,0.033150691938501814,-0.006430623635672764,1.959499513372909e-4,1.9288356619362318e-4,-0.00931945715320368
24058,0.07668493032859733,0.05303955403332338,0.023645376295273947,1.959499513372909e-4,1.9288356619362318e-4,0.020756542777743036
24059,0.04221378315746733,0.05601355204074262,-0.01379976888327529,1.959499513372909e-4,1.9288356619362318e-4,-0.0166886024008062
24060,-0.027345613965917902,-0.043045224873979215,0.015699610908061313,1.959499513372909e-4,1.9288356619362318e-4,0.012810777390530397
24061,0.03638338487949415,0.02635679996685308,0.010026584912641068,1.959499513372909e-4,1.9288356619362318e-4,0.007137751395110156
24062,-0.018187670302481727,-0.01552954797779745,-0.0026581223246842766,1.959499513372909e-4,1.9288356619362318e-4,-0.005546955842215191
24063,-0.04347007698076221,-0.0185504942971936,-0.02491958268356861,1.959499513372909e-4,1.9288356619362318e-4,-0.02780841620109952
24064,0.06319796526096082,0.05486679020292119,0.008331175058039625,1.959499513372909e-4,1.9288356619362318e-4,0.005442341540508712
24065,0.0299063361419298,0.0029013909304132736,0.027004945211516525,1.959499513372909e-4,1.9288356619362318e-4,0.024116111693985615
24066,0.05530756726248757,0.06635068043182323,-0.011043113169335657,1.959499513372909e-4,1.9288356619362318e-4,-0.01393194668686657
24067,-0.006810444172338416,-0.013366107981943678,0.006555663809605262,1.959499513372909e-4,1.9288356619362318e-4,0.003666830292074348
24068,0.029938523274853482,0.00969191034297883,0.02024661293187465,1.959499513372909e-4,1.9288356619362318e-4,0.01735777941434374
24069,-0.023267389515838833,0.0017438859976366854,-0.02501127551347552,1.959499513372909e-4,1.9288356619362318e-4,-0.027900109031006433
24070,0.060145304681206845,0.05081738703863542,0.009327917642571425,1.959499513372909e-4,1.9288356619362318e-4,0.006439084125040512
24071,0.013895441692070734,0.0017430605117599485,0.012152381180310786,1.959499513372909e-4,1.9288356619362318e-4,0.009263547662779871
24072,0.0716425830951742,0.047606094317705634,0.024036488777468563,1.959499513372909e-4,1.9288356619362318e-4,0.021147655259937653
24073,0.007516731012093659,0.0177610832577382,-0.010244352245644541,1.959499513372909e-4,1.9288356619362318e-4,-0.013133185763175457
24074,0.040865429361827965,0.028946165117015366,0.0119192642448126,1.959499513372909e-4,1.9288356619362318e-4,0.009030430727281687
24075,0.005954027821869665,0.008180023151254472,-0.0022259953293848073,1.959499513372909e-4,1.9288356619362318e-4,-0.005114828846915722
24076,-0.04839828412484827,-0.02397801626965951,-0.02442026785518876,1.959499513372909e-4,1.9288356619362318e-4,-0.02730910137271967
24077,0.013441940752554693,-0.004709857552355859,0.018151798304910552,1.959499513372909e-4,1.9288356619362318e-4,0.01526296478737964
24078,-0.03504531086375498,7.748156897052457e-4,-0.03582012655346022,1.959499513372909e-4,1.9288356619362318e-4,-0.03870896007099114
24079,0.01671524104732255,0.046528926035495896,-0.029813684988173345,1.959499513372909e-4,1.9288356619362318e-4,-0.03270251850570426
24080,0.022454252717178734,0.03304498132516936,-0.010590728607990624,1.959499513372909e-4,1.9288356619362318e-4,-0.01347956212552154
24081,0.04483728868428445,0.053527628251769634,-0.008690339567485182,1.959499513372909e-4,1.9288356619362318e-4,-0.011579173085016095
24082,0.027439029808295164,0.0390717843523427,-0.011632754544047538,1.959499513372909e-4,1.9288356619362318e-4,-0.014521588061578454
24083,0.0016108474608612254,-0.0026784199937644063,0.004289267454625632,1.959499513372909e-4,1.9288356619362318e-4,0.0014004339370947173
24084,0.047134755325705956,0.025697760878519004,0.02143699444718695,1.959499513372909e-4,1.9288356619362318e-4,0.01854816092965604
24085,-0.0019409699793514789,-1.0621984607927817e-5,-0.001930347994743551,1.959499513372909e-4,1.9288356619362318e-4,-0.004819181512274465
24086,0.014771599636830002,-0.005820560169127369,0.02059215980595737,1.959499513372909e-4,1.9288356619362318e-4,0.017703326288426458
24087,0.03337286045205065,0.041793781888466476,-0.008420921436415825,1.959499513372909e-4,1.9288356619362318e-4,-0.011309754953946738
24088,0.02588273023351904,0.04407525246595099,-0.018192522232431948,1.959499513372909e-4,1.9288356619362318e-4,-0.021081355749962862
24089,-0.022396485486182043,-0.011779211737076134,-0.01061727374910591,1.959499513372909e-4,1.9288356619362318e-4,-0.013506107266636824
24090,-0.03496981005027336,-0.032451717593159485,-0.002518092457113874,1.959499513372909e-4,1.9288356619362318e-4,-0.005406925974644787
24091,0.018525526104478537,0.023647360098234184,-0.0051218339937556465,1.959499513372909e-4,1.9288356619362318e-4,-0.008010667511286563
24092,0.04935317235900271,0.020461643417429346,0.028891528941573364,1.959499513372909e-4,1.9288356619362318e-4,0.026002695424042453
24093,0.04260915528061876,0.010446941266852663,0.032162214013766094,1.959499513372909e-4,1.9288356619362318e-4,0.02927338049623519
24094,-0.04689442946338208,-0.051401483319703255,0.004507053856321178,1.959499513372909e-4,1.9288356619362318e-4,0.0016182203387902654
24095,0.01273351576904443,-0.02491306222334388,0.03764657799238831,1.959499513372909e-4,1.9288356619362318e-4,0.0347577444748574
24096,-0.09536092227954845,-0.00895200262884239,-0.08640891965070606,1.959499513372909e-4,1.9288356619362318e-4,-0.08929775316823697
24097,-0.010039099981101668,-0.0319413154462747,0.021902215465173035,1.959499513372909e-4,1.9288356619362318e-4,0.01901338194764212
24098,-0.008949980143010261,0.00772638306491948,-0.016676363207929742,1.959499513372909e-4,1.9288356619362318e-4,-0.019565196725460653
24099,0.07072731860501962,0.06997450946292816,7.528091420914568e-4,1.959499513372909e-4,1.9288356619362318e-4,-0.0021360243754394554
24100,0.036402084708545446,0.010810161018591932,0.025591923689953514,1.959499513372909e-4,1.9288356619362318e-4,0.022703090172422603
24101,-0.06235394119416458,-0.13135617762370622,0.06900223642954163,1.959499513372909e-4,1.9288356619362318e-4,0.06611340291201072
24102,-0.010772708181532774,0.03487397662419009,-0.04564668480572286,1.959499513372909e-4,1.9288356619362318e-4,-0.048535518323253785
24103,-0.0015406587084306755,0.06137841906689025,-0.06291907777532092,1.959499513372909e-4,1.9288356619362318e-4,-0.06580791129285184
24104,-0.11054650065194914,-0.08070480244288822,-0.02984169820906092,1.959499513372909e-4,1.9288356619362318e-4,-0.032730531726591836
24105,-0.18494533299287272,-0.2146180425632742,0.029672709570401468,1.959499513372909e-4,1.9288356619362318e-4,0.026783876052870557
24106,-0.09134704755664717,-0.1306930989772085,0.039346051420561315,1.959499513372909e-4,1.9288356619362318e-4,0.0364572179030304
24107,0.036922153548577245,0.0840161365216593,-0.04709398297308206,1.959499513372909e-4,1.9288356619362318e-4,-0.04998281649061297
24108,-0.0761085704657522,-0.09918825956477298,0.023079689099020778,1.959499513372909e-4,1.9288356619362318e-4,0.020190855581489867
24109,-0.10088634944189435,-0.11675937161434052,0.01587302217244617,1.959499513372909e-4,1.9288356619362318e-4,0.012984188654915256
24110,0.06816922018843037,0.1483888057619847,-0.08021958557355434,1.959499513372909e-4,1.9288356619362318e-4,-0.08310841909108525
24111,0.058841971160876444,0.32555776141194015,-0.26671579025106373,1.959499513372909e-4,1.9288356619362318e-4,-0.2696046237685946
24112,0.010857891626545919,0.09020142044630428,-0.07934352881975835,1.959499513372909e-4,1.9288356619362318e-4,-0.08223236233728927
24113,0.02739832074862214,-0.02534703303467294,0.052745353783295076,1.959499513372909e-4,1.9288356619362318e-4,0.04985652026576416
24114,0.0711450586325862,0.12118941493906746,-0.050044356306481255,1.959499513372909e-4,1.9288356619362318e-4,-0.05293318982401217
24115,0.03127899356068343,0.11225471698110025,-0.08097572342041681,1.959499513372909e-4,1.9288356619362318e-4,-0.08386455693794774
24116,0.03275572548766735,0.06977842972447398,-0.03702270423680663,1.959499513372909e-4,1.9288356619362318e-4,-0.03991153775433755
24117,-0.025795813480906156,-0.048207828633266066,0.02241201515235991,1.959499513372909e-4,1.9288356619362318e-4,0.019523181634828995
24118,0.06373401942813989,0.05673144650405645,0.00700257292408344,1.959499513372909e-4,1.9288356619362318e-4,0.004113739406552528
24119,0.058070538642035,0.04234654828846575,0.01572399035356925,1.959499513372909e-4,1.9288356619362318e-4,0.012835156836038338
24120,-0.041929324649839554,-0.011253036955605788,-0.030676287694233764,1.959499513372909e-4,1.9288356619362318e-4,-0.03356512121176468
24121,0.05154752123719862,0.02623429790587105,0.025313223331327572,1.959499513372909e-4,1.9288356619362318e-4,0.02242438981379666
24122,0.08577867584637971,0.055786695480169304,0.02999198036621041,1.959499513372909e-4,1.9288356619362318e-4,0.0271031468486795
24123,0.04981442442396124,0.023739101117075834,0.026075323306885403,1.959499513372909e-4,1.9288356619362318e-4,0.023186489789354493
24124,-0.07264058687398826,-0.06175623795619696,-0.010884348917791303,1.959499513372909e-4,1.9288356619362318e-4,-0.013773182435322216
24125,-0.0671083354203363,-0.05096834742206793,-0.016139987998268365,1.959499513372909e-4,1.9288356619362318e-4,-0.019028821515799276
24126,0.08528226172601942,0.0628294360518816,0.022452825674137825,1.959499513372909e-4,1.9288356619362318e-4,0.019563992156606914
24127,-0.05220024413268076,-0.03318639269287184,-0.019013851439808924,1.959499513372909e-4,1.9288356619362318e-4,-0.021902684957339835
24128,0.11150546735172777,0.10028858776609995,0.011216879585627823,1.959499513372909e-4,1.9288356619362318e-4,0.00832804606809691
24129,0.053224553803629046,0.03226392253640351,0.020960631267225534,1.959499513372909e-4,1.9288356619362318e-4,0.018071797749694623
24130,0.015429596605921038,0.0032594582013313863,0.01217013840458965,1.959499513372909e-4,1.9288356619362318e-4,0.009281304887058736
24131,0.05938369890382118,0.08958417713909485,-0.030200478235273664,1.959499513372909e-4,1.9288356619362318e-4,-0.03308931175280458
24132,0.020619833124523992,0.029986172568119737,-0.009366339443595745,1.959499513372909e-4,1.9288356619362318e-4,-0.01225517296112666
24133,0.04134429352947107,0.026540013354212997,0.014804280175258071,1.959499513372909e-4,1.9288356619362318e-4,0.011915446657727159
24134,0.02277313351656871,0.013591112192555039,0.00918202132401367,1.959499513372909e-4,1.9288356619362318e-4,0.006293187806482756
24135,0.02957114857460655,0.03430055657953991,-0.004729408004933364,1.959499513372909e-4,1.9288356619362318e-4,-0.00761824152246428
24136,-0.010538034632096436,-2.3696875093678435e-4,-0.010301065881159652,1.959499513372909e-4,1.9288356619362318e-4,-0.013189899398690566
24137,-0.00773643342579189,-0.02414889477871632,0.016412461352924432,1.959499513372909e-4,1.9288356619362318e-4,0.013523627835393516
24138,-0.034878565337931884,-0.03551164327536609,6.330779374342024e-4,1.959499513372909e-4,1.9288356619362318e-4,-0.0022557555800967097
24139,-0.06797498113452123,-0.04884418075100278,-0.01913080038351845,1.959499513372909e-4,1.9288356619362318e-4,-0.02201963390104936
24140,-0.0898288005751481,-0.07699622490807528,-0.012832575667072812,1.959499513372909e-4,1.9288356619362318e-4,-0.015721409184603723
24141,0.15359697350578647,0.11090852517462003,0.04268844833116643,1.959499513372909e-4,1.9288356619362318e-4,0.03979961481363552
24142,0.0017245057471681638,-0.008489854618772906,0.01021436036594107,1.959499513372909e-4,1.9288356619362318e-4,0.007325526848410155
24143,0.010607676223540918,0.0019221521074716745,0.008685524116069245,1.959499513372909e-4,1.9288356619362318e-4,0.0057966905985383285
24144,0.049153209179036435,0.10896824381217823,-0.0598150346331418,1.959499513372909e-4,1.9288356619362318e-4,-0.0627038681506727
24145,0.03774663711634526,0.046316478853239015,-0.008569841736893756,1.959499513372909e-4,1.9288356619362318e-4,-0.011458675254424669
24146,0.036787730300610076,0.026105681335331136,0.01068204896527894,1.959499513372909e-4,1.9288356619362318e-4,0.007793215447748027
24147,0.028837647347841736,-0.027596642280498365,0.0564342896283401,1.959499513372909e-4,1.9288356619362318e-4,0.053545456110809186
24148,-0.04175408004708939,-0.07587085948905346,0.034116779441964076,1.959499513372909e-4,1.9288356619362318e-4,0.031227945924433165
24149,0.026177625360637325,0.034578569201910526,-0.008400943841273201,1.959499513372909e-4,1.9288356619362318e-4,-0.011289777358804117
24150,0.011118412221978373,-0.011640352535047017,0.022758764757025388,1.959499513372909e-4,1.9288356619362318e-4,0.019869931239494477
24151,0.017674617044531056,0.04163409245851738,-0.023959475413986325,1.959499513372909e-4,1.9288356619362318e-4,-0.02684830893151724
24152,0.023224028807982532,0.02499253759993575,-0.0017685087919532168,1.959499513372909e-4,1.9288356619362318e-4,-0.004657342309484133
24153,-0.0053028965324973636,-0.008735851408480228,0.0034329548759828646,1.959499513372909e-4,1.9288356619362318e-4,5.441213584519507e-4
24154,0.02182855849186276,0.013933347556818246,0.007895210935044514,1.959499513372909e-4,1.9288356619362318e-4,0.0050063774175135994
24155,0.0191421354058731,0.032729674069913686,-0.013587538664040586,1.959499513372909e-4,1.9288356619362318e-4,-0.0164763721815715
24156,0.06884927702706903,0.06509824837252513,0.0037510286545438948,1.959499513372909e-4,1.9288356619362318e-4,8.621951370129826e-4
24157,0.015035451206523167,0.012616760702295901,0.0024186905042272652,1.959499513372909e-4,1.9288356619362318e-4,-4.7014301330364867e-4
24158,0.04665340650699003,0.041744128989682806,0.0049092775173072215,1.959499513372909e-4,1.9288356619362318e-4,0.0020204439997763093
24159,0.017692838120775954,0.01935750113612426,-0.0016646630153483062,1.959499513372909e-4,1.9288356619362318e-4,-0.004553496532879222
24160,0.019751322200045968,0.03965386204102526,-0.01990253984097929,1.959499513372909e-4,1.9288356619362318e-4,-0.022791373358510204
24161,-0.013171429122962135,-0.008105474802483184,-0.005065954320478952,1.959499513372909e-4,1.9288356619362318e-4,-0.007954787838009866
24162,0.05979032562308506,0.05057737595021423,0.009212949672870833,1.959499513372909e-4,1.9288356619362318e-4,0.006324116155339921
24163,-0.01650939624019402,-0.021314675604755542,0.0048052793645615224,1.959499513372909e-4,1.9288356619362318e-4,0.0019164458470306068
24164,0.06126591893973565,0.03574550783502776,0.025520411104707895,1.959499513372909e-4,1.9288356619362318e-4,0.022631577587176984
24165,0.05258684602354936,0.032539042438894966,0.020047803584654397,1.959499513372909e-4,1.9288356619362318e-4,0.017158970067123486
24166,0.04289837156474527,0.005564835728628718,0.03733353583611655,1.959499513372909e-4,1.9288356619362318e-4,0.03444470231858564
24167,0.03518523448856279,0.026848660534452506,0.008336573954110284,1.959499513372909e-4,1.9288356619362318e-4,0.005447740436579371
24168,-0.004190867927779419,-0.007129377750333163,0.0029385098225537436,1.959499513372909e-4,1.9288356619362318e-4,4.967630502282971e-5
24169,0.05948161773257578,0.05096794474441284,0.00851367298816294,1.959499513372909e-4,1.9288356619362318e-4,0.005624839470632028
24170,-0.012172998288130453,0.009247855043911556,-0.02142085333204201,1.959499513372909e-4,1.9288356619362318e-4,-0.02430968684957292
24171,-0.02329822012546043,0.01626972205337101,-0.039567942178831444,1.959499513372909e-4,1.9288356619362318e-4,-0.04245677569636236
24172,0.0352119009819222,0.015553007586905842,0.019658893395016357,1.959499513372909e-4,1.9288356619362318e-4,0.01677005987748545
24173,0.0352653728041904,0.02220006659569837,0.013065306208492028,1.959499513372909e-4,1.9288356619362318e-4,0.010176472690961115
24174,-0.027342872596692155,-0.016222074882549457,-0.011120797714142698,1.959499513372909e-4,1.9288356619362318e-4,-0.014009631231673614
24175,0.04777423993096717,0.04882667474388056,-0.0010524348129133942,1.959499513372909e-4,1.9288356619362318e-4,-0.003941268330444307
24176,-0.01865482778747404,-0.0203690460216931,0.0017142182342190608,1.959499513372909e-4,1.9288356619362318e-4,-0.0011746152833118548
24177,0.027027550493775882,0.03959849410409509,-0.01257094361031921,1.959499513372909e-4,1.9288356619362318e-4,-0.015459777127850126
24178,0.032594021333604534,0.0395045989838031,-0.00691057765019857,1.959499513372909e-4,1.9288356619362318e-4,-0.009799411167729482
24179,-0.0016266233283932477,0.013139048092258316,-0.014765671420651563,1.959499513372909e-4,1.9288356619362318e-4,-0.017654504938182478
24180,0.005740739229294179,-0.03205841299307367,0.03779915222236785,1.959499513372909e-4,1.9288356619362318e-4,0.034910318704836935
24181,0.03528570812248348,0.08170270691767872,-0.046416998795195244,1.959499513372909e-4,1.9288356619362318e-4,-0.04930583231272616
24182,0.0057213173996330585,-0.010616274372611909,0.016337591772244968,1.959499513372909e-4,1.9288356619362318e-4,0.013448758254714052
24183,-0.026915766274702314,0.0283182660016633,-0.05523403227636561,1.959499513372909e-4,1.9288356619362318e-4,-0.05812286579389653
24184,0.034815980824775904,-3.0269604029905666e-4,0.03511867686507496,1.959499513372909e-4,1.9288356619362318e-4,0.03222984334754405
24185,-0.009327762558646799,-0.022229420336969986,0.012901657778323188,1.959499513372909e-4,1.9288356619362318e-4,0.010012824260792271
24186,0.035540549967013425,-0.008286913701094143,0.043827463668107566,1.959499513372909e-4,1.9288356619362318e-4,0.04093863015057665
24187,-0.04986081394386486,-0.059126067844066085,0.009265253900201227,1.959499513372909e-4,1.9288356619362318e-4,0.0063764203826703145
24188,-0.024373002258413278,-0.042195571120502505,0.017822568862089227,1.959499513372909e-4,1.9288356619362318e-4,0.01493373534455831
24189,0.06476588711630875,0.08793624983622102,-0.02317036271991227,1.959499513372909e-4,1.9288356619362318e-4,-0.02605919623744318
24190,0.016150971733383614,-8.431059047439372e-4,0.01699407763812755,1.959499513372909e-4,1.9288356619362318e-4,0.014105244120596638
24191,-0.010347834713091007,-0.04109639958587636,0.030748564872785353,1.959499513372909e-4,1.9288356619362318e-4,0.02785973135525444
24192,-0.04773686404163063,-0.06487134020763123,0.017134476166000598,1.959499513372909e-4,1.9288356619362318e-4,0.014245642648469685
24193,-0.0028798465775274145,0.03754686012324482,-0.04042670670077223,1.959499513372909e-4,1.9288356619362318e-4,-0.04331554021830315
24194,0.06842176985096016,0.09636497352262342,-0.027943203671663266,1.959499513372909e-4,1.9288356619362318e-4,-0.030832037189194177
24195,-0.011630272637590394,0.025248780538189214,-0.03687905317577961,1.959499513372909e-4,1.9288356619362318e-4,-0.03976788669331052
24196,0.03329063498551714,0.024357511547276667,0.008933123438240473,1.959499513372909e-4,1.9288356619362318e-4,0.00604428992070956
24197,0.027692070006556085,-0.02682479093729233,0.054516860943848416,1.959499513372909e-4,1.9288356619362318e-4,0.0516280274263175
24198,0.028730840829818537,0.06584869288870678,-0.037117852058888234,1.959499513372909e-4,1.9288356619362318e-4,-0.040006685576419156
24199,-0.011692826136934962,0.030157163929995182,-0.041849990066930146,1.959499513372909e-4,1.9288356619362318e-4,-0.04473882358446106
24200,0.0022461627810533916,0.00889485018054719,-0.006648687399493798,1.959499513372909e-4,1.9288356619362318e-4,-0.009537520917024712
24201,-0.02618680879240381,-0.012448881497526505,-0.013737927294877307,1.959499513372909e-4,1.9288356619362318e-4,-0.01662676081240822
24202,0.03759262894777522,0.07784437331182417,-0.04025174436404895,1.959499513372909e-4,1.9288356619362318e-4,-0.043140577881579864
24203,0.01185643034967295,0.019652348668149598,-0.0077959183184766485,1.959499513372909e-4,1.9288356619362318e-4,-0.010684751836007565
24204,0.027760122160970655,0.03259483995427387,-0.004834717793303214,1.959499513372909e-4,1.9288356619362318e-4,-0.00772355131083413
24205,0.03285600752801942,0.04856711455062785,-0.01571110702260843,1.959499513372909e-4,1.9288356619362318e-4,-0.018599940540139342
24206,0.0036751429062753553,-9.591088713072943e-4,0.00463425177758265,1.959499513372909e-4,1.9288356619362318e-4,0.0017454182600517352
24207,0.011603019692856435,0.007485459534397714,0.00411756015845872,1.959499513372909e-4,1.9288356619362318e-4,0.0012287266409278064
24208,0.019319895296631407,0.017102853942428796,0.002217041354202611,1.959499513372909e-4,1.9288356619362318e-4,-6.717921633283045e-4
24209,0.007886835620772048,0.012698469878940268,-0.00481163425816822,1.959499513372909e-4,1.9288356619362318e-4,-0.007700467775699134
24210,0.03050948408750563,0.013248317826039666,0.017261166261465965,1.959499513372909e-4,1.9288356619362318e-4,0.014372332743935049
24211,0.012355301229713579,-0.005906357277782113,0.01826165850749569,1.959499513372909e-4,1.9288356619362318e-4,0.015372824989964779
24212,0.034497682479880915,0.020463393325109235,0.01403428915477168,1.959499513372909e-4,1.9288356619362318e-4,0.011145455637240767
24213,0.043492942623931836,0.002552303598034718,0.04094063902589712,1.959499513372909e-4,1.9288356619362318e-4,0.038051805508366204
24214,0.021446760088247214,0.05173933205099997,-0.030292571962752753,1.959499513372909e-4,1.9288356619362318e-4,-0.03318140548028367
24215,0.003496467867407027,0.015456725934260418,-0.011960258066853392,1.959499513372909e-4,1.9288356619362318e-4,-0.014849091584384305
24216,0.07242484620405835,0.03894768807313014,0.03347715813092821,1.959499513372909e-4,1.9288356619362318e-4,0.030588324613397302
24217,-0.02120638196478923,-0.05938646662082834,0.03818008465603911,1.959499513372909e-4,1.9288356619362318e-4,0.03529125113850819
24218,-0.007887129605865944,0.0016394017552581867,-0.00952653136112413,1.959499513372909e-4,1.9288356619362318e-4,-0.012415364878655044
24219,-0.004385329553120634,0.005909377808750908,-0.010294707361871542,1.959499513372909e-4,1.9288356619362318e-4,-0.013183540879402456
24220,0.051976949160123506,0.00671144056939466,0.045265508590728844,1.959499513372909e-4,1.9288356619362318e-4,0.042376675073197936
24221,-0.00284047383901382,0.030247778070345385,-0.033088251909359205,1.959499513372909e-4,1.9288356619362318e-4,-0.035977085426890126
24222,0.025109237768135225,0.036427252831314816,-0.01131801506317959,1.959499513372909e-4,1.9288356619362318e-4,-0.014206848580710507
24223,0.05552213359983276,0.0179096212252577,0.037612512374575066,1.959499513372909e-4,1.9288356619362318e-4,0.03472367885704415
24224,0.0051374420526522704,0.0037262349847830387,0.0014112070678692318,1.959499513372909e-4,1.9288356619362318e-4,-0.0014776264496616826
24225,-0.09809621297156071,-0.047211358535927485,-0.050884854435633224,1.959499513372909e-4,1.9288356619362318e-4,-0.05377368795316414
24226,0.01364033534478508,0.03283041022256453,-0.019190074877779448,1.959499513372909e-4,1.9288356619362318e-4,-0.02207890839531036
24227,-0.08641475363238195,-0.09261099685520224,0.006196243222820294,1.959499513372909e-4,1.9288356619362318e-4,0.003307409705289382
24228,0.0897632373542473,0.1165122122568711,-0.026748974902623804,1.959499513372909e-4,1.9288356619362318e-4,-0.029637808420154715
24229,0.05926115627918313,0.037762552055063646,0.021498604224119484,1.959499513372909e-4,1.9288356619362318e-4,0.018609770706588574
24230,0.02429201784864223,8.346871677390224e-4,0.023457330680903207,1.959499513372909e-4,1.9288356619362318e-4,0.020568497163372293
24231,0.01926702519749263,0.06273752173644659,-0.04347049653895396,1.959499513372909e-4,1.9288356619362318e-4,-0.046359330056484876
24232,-0.039982414569924726,-0.09734799253748862,0.05736557796756389,1.959499513372909e-4,1.9288356619362318e-4,0.05447674445003298
24233,0.06392750118253855,0.09543287545863571,-0.03150537427609716,1.959499513372909e-4,1.9288356619362318e-4,-0.034394207793628076
24234,0.01531353526068739,0.015074765332882625,2.387699278047651e-4,1.959499513372909e-4,1.9288356619362318e-4,-0.002650063589726149
24235,0.01125860952202654,-0.05918100600302146,0.070439615525048,1.959499513372909e-4,1.9288356619362318e-4,0.06755078200751707
24236,-0.006846250509882057,0.04913930895734853,-0.05598555946723059,1.959499513372909e-4,1.9288356619362318e-4,-0.058874392984761506
24237,0.0050677381327724575,0.02555651345741081,-0.02048877532463835,1.959499513372909e-4,1.9288356619362318e-4,-0.023377608842169266
24238,0.024504499325961243,0.059267838403000754,-0.03476333907703951,1.959499513372909e-4,1.9288356619362318e-4,-0.03765217259457043
24239,0.020459243556356043,0.043079690039563114,-0.02262044648320707,1.959499513372909e-4,1.9288356619362318e-4,-0.025509280000737985
24240,0.018376254739217005,-0.035288246062792725,0.053664500802009726,1.959499513372909e-4,1.9288356619362318e-4,0.05077566728447881
24241,-0.0710656309177587,-0.08216584187827566,0.01110021096051697,1.959499513372909e-4,1.9288356619362318e-4,0.008211377442986058
24242,-0.14722373698901822,-0.18640627685860217,0.03918253986958395,1.959499513372909e-4,1.9288356619362318e-4,0.036293706352053035
24243,0.12455881494572635,0.18905843261511862,-0.06449961766939227,1.959499513372909e-4,1.9288356619362318e-4,-0.06738845118692319
24244,0.08244834656720315,0.05169017646955441,0.030758170097648745,1.959499513372909e-4,1.9288356619362318e-4,0.027869336580117834
24245,0.00685731505532773,0.023605748497105672,-0.01674843344177794,1.959499513372909e-4,1.9288356619362318e-4,-0.019637266959308855
24246,0.06760025284501679,0.020766468364491624,0.046833784480525165,1.959499513372909e-4,1.9288356619362318e-4,0.04394495096299425
24247,0.044899808154356104,0.06232094975509147,-0.017421141600735365,1.959499513372909e-4,1.9288356619362318e-4,-0.02030997511826627
24248,-0.02276226397023505,-0.04228533359182976,0.01952306962159471,1.959499513372909e-4,1.9288356619362318e-4,0.016634236104063796
24249,-0.01331465683075856,0.0025250950109527858,-0.015839751841711346,1.959499513372909e-4,1.9288356619362318e-4,-0.01872858535924226
24250,0.12019158740514461,0.20609251915069193,-0.08590093174554732,1.959499513372909e-4,1.9288356619362318e-4,-0.08878976526307823
24251,0.03225725078035669,0.05388984207004961,-0.021632591289692922,1.959499513372909e-4,1.9288356619362318e-4,-0.024521424807223833
24252,0.004644639198814673,-0.0070054475014546804,0.011650086700269353,1.959499513372909e-4,1.9288356619362318e-4,0.008761253182738439
24253,0.026509994706877482,0.10841939272252955,-0.08190939801565207,1.959499513372909e-4,1.9288356619362318e-4,-0.08479823153318299
24254,0.03447691951259481,0.07072498538146862,-0.036248065868873816,1.959499513372909e-4,1.9288356619362318e-4,-0.03913689938640473
24255,0.04772930369587636,0.04753920279219429,1.9010090368206528e-4,1.959499513372909e-4,1.9288356619362318e-4,-0.002698732613848847
24256,0.028420960154433617,0.0124298194123925,0.015991140742041117,1.959499513372909e-4,1.9288356619362318e-4,0.013102307224510203
24257,0.006456249833727688,0.006634361166736519,-1.7811133300883047e-4,1.959499513372909e-4,1.9288356619362318e-4,-0.0030669448505397444
24258,0.002993620738333282,0.018198306416287252,-0.01520468567795397,1.959499513372909e-4,1.9288356619362318e-4,-0.018093519195484884
24259,0.033973171841698104,0.015458074170924676,0.018515097670773428,1.959499513372909e-4,1.9288356619362318e-4,0.015626264153242517
24260,-0.024770935559129834,-0.04200785686783003,0.0172369213087002,1.959499513372909e-4,1.9288356619362318e-4,0.014348087791169284
24261,0.06925100482184818,0.046312313813053056,0.02293869100879512,1.959499513372909e-4,1.9288356619362318e-4,0.02004985749126421
24262,-0.020003135142074826,-0.020046250428485176,4.311528641035012e-5,1.959499513372909e-4,1.9288356619362318e-4,-0.0028457182311205655
24263,0.04280291881286779,0.07806156982945966,-0.035258651016591876,1.959499513372909e-4,1.9288356619362318e-4,-0.03814748453412279
24264,-0.051951904673999176,-0.02041839904812285,-0.031533505625876326,1.959499513372909e-4,1.9288356619362318e-4,-0.03442233914340724
24265,-0.014689501618121083,-0.016810477762007777,0.0021209761438866943,1.959499513372909e-4,1.9288356619362318e-4,-7.678573736442213e-4
24266,0.041122701394214985,0.023382792986569926,0.01773990840764506,1.959499513372909e-4,1.9288356619362318e-4,0.014851074890114146
24267,-0.06724729684743462,-0.08275072670978381,0.015503429862349191,1.959499513372909e-4,1.9288356619362318e-4,0.012614596344818279
24268,0.021770338014498656,0.006363392425799014,0.015406945588699643,1.959499513372909e-4,1.9288356619362318e-4,0.012518112071168727
24269,-0.08707315545857668,-0.10410251700389826,0.017029361545321586,1.959499513372909e-4,1.9288356619362318e-4,0.014140528027790674
24270,0.07667417914798227,0.11424089396881226,-0.03756671482082999,1.959499513372909e-4,1.9288356619362318e-4,-0.0404555483383609
24271,-0.004167952658212708,-0.04007497522866937,0.03590702257045666,1.959499513372909e-4,1.9288356619362318e-4,0.033018189052925744
24272,-0.07575056320556624,-0.10437668138117051,0.028626118175604273,1.959499513372909e-4,1.9288356619362318e-4,0.025737284658073362
24273,0.11352456088061899,0.09100184580687878,0.022522715073740207,1.959499513372909e-4,1.9288356619362318e-4,0.019633881556209296
24274,0.05100858053620728,0.06937743392696881,-0.018368853390761532,1.959499513372909e-4,1.9288356619362318e-4,-0.021257686908292443
24275,-0.04318053394618281,-0.07221586059017729,0.029035326643994476,1.959499513372909e-4,1.9288356619362318e-4,0.026146493126463565
24276,0.023362314835214646,0.14224031502411125,-0.1188780001888966,1.959499513372909e-4,1.9288356619362318e-4,-0.12176683370642752
24277,-0.024195055583756623,-0.030631011874552045,0.006435956290795422,1.959499513372909e-4,1.9288356619362318e-4,0.0035471227732645065
24278,0.005448506249419184,7.554899794705197e-4,0.004693016269948664,1.959499513372909e-4,1.9288356619362318e-4,0.0018041827524177497
24279,0.009735313138510589,-0.005740518119255507,0.015475831257766096,1.959499513372909e-4,1.9288356619362318e-4,0.012586997740235183
24280,-0.023990722327664218,0.00512545189934234,-0.029116174227006558,1.959499513372909e-4,1.9288356619362318e-4,-0.032005007744537475
24281,0.08645193990197905,0.08928755062167046,-0.002835610719691406,1.959499513372909e-4,1.9288356619362318e-4,-0.005724444237222319
24282,0.01799122069856943,0.0659985248321362,-0.04800730413356677,1.959499513372909e-4,1.9288356619362318e-4,-0.050896137651097684
24283,-0.016496799373340056,-0.034327496680883675,0.01783069730754362,1.959499513372909e-4,1.9288356619362318e-4,0.014941863790012702
24284,-0.04848816152105963,-0.05474231258018931,0.00625415105912968,1.959499513372909e-4,1.9288356619362318e-4,0.0033653175415987676
24285,-0.0394086190749788,-0.04084949448586258,0.0014408754108837796,1.959499513372909e-4,1.9288356619362318e-4,-0.0014479581066471326
24286,0.11511389899175846,0.09274537300843845,0.02236852598332001,1.959499513372909e-4,1.9288356619362318e-4,0.019479692465789098
24287,0.06732824175926541,0.07975932705879561,-0.0124310852995302,1.959499513372909e-4,1.9288356619362318e-4,-0.015319918817061113
24288,0.02808243689953737,-0.030584548899186874,0.058666985798724244,1.959499513372909e-4,1.9288356619362318e-4,0.05577815228119333
24289,0.09749698415922255,0.01980849235517099,0.07768849180405156,1.959499513372909e-4,1.9288356619362318e-4,0.07479965828652065
24290,0.04522401039225535,0.053884516247018316,-0.008660505854762968,1.959499513372909e-4,1.9288356619362318e-4,-0.01154933937229388
24291,-0.05211879653439572,-0.032033877178530075,-0.020084919355865642,1.959499513372909e-4,1.9288356619362318e-4,-0.022973752873396553
24292,0.04062938981440602,0.037422123325862075,0.0032072664885439417,1.959499513372909e-4,1.9288356619362318e-4,3.1843297101302953e-4
24293,0.01938901792457039,-0.015260945397375122,0.03464996332194551,1.959499513372909e-4,1.9288356619362318e-4,0.031761129804414596
24294,0.027219024311685484,0.044940129269240535,-0.01772110495755505,1.959499513372909e-4,1.9288356619362318e-4,-0.020609938475085965
24295,0.032068564632362254,0.02191729088437039,0.010151273747991865,1.959499513372909e-4,1.9288356619362318e-4,0.007262440230460953
24296,0.03143304257382013,0.030787928450221557,6.451141235985745e-4,1.959499513372909e-4,1.9288356619362318e-4,-0.002243719393932341
24297,0.010128030368894132,-0.027241945033745614,0.03736997540263975,1.959499513372909e-4,1.9288356619362318e-4,0.034481141885108826
24298,0.09900524542949085,0.0593553493926365,0.03964989603685435,1.959499513372909e-4,1.9288356619362318e-4,0.036761062519323436
24299,-0.06667939201390395,-0.06004748402298085,-0.0066319079909231,1.959499513372909e-4,1.9288356619362318e-4,-0.0095207415084540125
24300,0.06173778040910712,0.020728987064136273,0.041008793344970845,1.959499513372909e-4,1.9288356619362318e-4,0.03811995982743993
24301,-0.025531865037220696,-0.009463276414292603,-0.016068588622928093,1.959499513372909e-4,1.9288356619362318e-4,-0.018957422140459004
24302,-0.07144245542178358,-0.025030088388082714,-0.04641236703370087,1.959499513372909e-4,1.9288356619362318e-4,-0.049301200551231786
24303,0.0015756123658665698,-0.038582354142472824,0.040157966508339395,1.959499513372909e-4,1.9288356619362318e-4,0.03726913299080847
24304,0.06748802424364506,0.03693949684442956,0.030548527399215493,1.959499513372909e-4,1.9288356619362318e-4,0.027659693881684582
24305,0.03829059666755982,0.05241754603297171,-0.014126949365411888,1.959499513372909e-4,1.9288356619362318e-4,-0.0170157828829428
24306,0.01034994808659809,0.020357452608234777,-0.010007504521636687,1.959499513372909e-4,1.9288356619362318e-4,-0.012896338039167603
24307,0.015575393583078401,0.04189847709010911,-0.02632308350703071,1.959499513372909e-4,1.9288356619362318e-4,-0.029211917024561624
24308,0.050617018898903944,-0.008303159841032057,0.058920178739936005,1.959499513372909e-4,1.9288356619362318e-4,0.05603134522240509
24309,0.004005532402675801,-0.006260045462594678,0.010265577865270478,1.959499513372909e-4,1.9288356619362318e-4,0.007376744347739566
24310,0.018001071167478296,0.027627287702858466,-0.00962621653538017,1.959499513372909e-4,1.9288356619362318e-4,-0.012515050052911087
24311,0.009352776834259722,0.011944510661136724,-0.0025917338268770015,1.959499513372909e-4,1.9288356619362318e-4,-0.005480567344407916
24312,0.03829078495726349,0.023051624399132862,0.01523916055813063,1.959499513372909e-4,1.9288356619362318e-4,0.012350327040599718
24313,0.04570879110210668,0.025319281463667243,0.02038950963843944,1.959499513372909e-4,1.9288356619362318e-4,0.01750067612090853
24314,-0.05299503099127602,-0.06825062055399891,0.015255589562722896,1.959499513372909e-4,1.9288356619362318e-4,0.012366756045191983
24315,0.07130733159266499,0.012277512820940445,0.05902981877172454,1.959499513372909e-4,1.9288356619362318e-4,0.05614098525419363
