asset,variant,w_low,cost_type,n_obs,ann_ret_cagr,ann_ret_arith,ann_vol,sharpe_naive,sharpe_hac,max_dd,skew,turnover_annual,detection_power,detection_underpowered_hd,detection_min_n_years,detection_verdict,fixed_threshold_used,fixed_threshold_underpowered
BTC,benchmark,NA,gross,95411,0.5576614330738894,0.4431856151518828,0.8851474554040002,0.5006912830694445,0.6064476850431766,-0.8392265843709854,-0.5015468182240805,0.09181331293054243,0.5030135755365017,TRUE,24.662107571905494,UNDERPOWERED,0.75,TRUE
BTC,benchmark,NA,net,95411,0.5572896409046213,0.4429469005382645,0.8851385044036573,0.5004266545117595,0.6060837117144419,-0.8392265843709854,-0.5016599127174994,0.09181331293054243,0.5026651742095346,TRUE,24.68819727697244,UNDERPOWERED,0.75,TRUE
BTC,overlay_w0.00,0,gross,95411,0.5010981271245696,0.40619692501454674,0.7724118847841708,0.5258812468014359,0.598134880121592,-0.8392265843709856,-0.2648739913489977,9.08951798010732,0.5361291768804956,TRUE,22.356051316853392,UNDERPOWERED,0.75,TRUE
BTC,overlay_w0.00,0,net,95411,0.4660389591771221,0.3825641782662607,0.7724429716668738,0.4952652717400173,0.5631535908566263,-0.8392265843709857,-0.2643021786245557,9.08951798010732,0.49586978624298755,TRUE,25.205449754054435,UNDERPOWERED,0.75,TRUE
BTC,complement_w0.00,0,gross,95411,0.6163561170604552,0.48017430528921795,1.1593492021937115,0.4141757327133498,0.5501480820955597,-0.9148538221018365,-1.2283897726412185,9.08951798010732,0.3905185528982121,TRUE,36.04128661391637,UNDERPOWERED,0.75,TRUE
BTC,complement_w0.00,0,net,95411,0.5786050203487023,0.45654155854094763,1.1594850454086942,0.393745102921984,0.5229752613123645,-0.9155153788639805,-1.2402005737406754,9.08951798010732,0.3648991566511708,TRUE,39.878527636644876,UNDERPOWERED,0.75,TRUE
BTC,volsizing_w0.00,0,gross,95411,0.4496759126588836,0.37134002293962914,0.7021159040885057,0.5288870694671227,0.5949258344941835,-0.7817273847890285,-0.7479516837426365,3.947972456005946,0.5400685623873802,TRUE,22.102662578200558,UNDERPOWERED,0.75,TRUE
BTC,volsizing_w0.00,0,net,95411,0.4348714948205732,0.36107529455395915,0.7021305709905904,0.5142566204524345,0.5781059449734539,-0.7839856566191856,-0.7479497991684749,3.947972456005946,0.5208642103582806,TRUE,23.378173713080145,UNDERPOWERED,0.75,TRUE
BTC,overlay_w0.25,0.25,gross,95411,0.5150434183822936,0.4154440975488826,0.7799349942123672,0.5326650305881288,0.6093137683244864,-0.8392265843709854,-0.2653078852588394,6.840091813306107,0.5450142799295943,TRUE,21.790247006501716,UNDERPOWERED,0.75,TRUE
BTC,overlay_w0.25,0.25,net,95411,0.488337698880251,0.3976598588342673,0.7799642861324514,0.5098436760561339,0.5831028600963744,-0.8392265843709852,-0.26540062119353747,6.840091813306107,0.5150600698525856,TRUE,23.784621942505265,UNDERPOWERED,0.75,TRUE
BTC,complement_w0.25,0.25,gross,95411,0.6163561170604552,0.48017430528921795,1.1593492021937115,0.4141757327133498,0.5501480820955597,-0.9148538221018365,-1.2283897726412185,9.08951798010732,0.3905185528982121,TRUE,36.04128661391637,UNDERPOWERED,0.75,TRUE
BTC,complement_w0.25,0.25,net,95411,0.5786050203487023,0.45654155854094763,1.1594850454086942,0.393745102921984,0.5229752613123645,-0.9155153788639805,-1.2402005737406754,9.08951798010732,0.3648991566511708,TRUE,39.878527636644876,UNDERPOWERED,0.75,TRUE
BTC,volsizing_w0.25,0.25,gross,95411,0.47594936641456376,0.389301420992684,0.714928706491119,0.5445318077985445,0.6173780785558426,-0.7760289912814267,-0.7134289808322135,2.9839326702329307,0.560500212052217,TRUE,20.850867405675732,UNDERPOWERED,0.75,TRUE
BTC,volsizing_w0.25,0.25,net,95411,0.46454292331450064,0.3815431960500634,0.7149309838750875,0.533678361486046,0.6048020974799871,-0.7777691696311722,-0.7135450625466209,2.9839326702329307,0.5463396745547653,TRUE,21.707576813540904,UNDERPOWERED,0.75,TRUE
BTC,overlay_w0.50,0.5,gross,95411,0.5291182622287223,0.4246912700832197,0.8020821258987048,0.5294860169179909,0.6141032372686653,-0.8392265843709854,-0.292345986799822,4.590665646520121,0.5408530764406967,TRUE,22.052686662034986,UNDERPOWERED,0.75,TRUE
BTC,overlay_w0.50,0.5,net,95411,0.5109756067816331,0.4127555394022646,0.8021034887180856,0.5145913778057826,0.5967609041938902,-0.8392265843709854,-0.29331432966221704,4.590665646520121,0.521304336091455,TRUE,23.34776733476406,UNDERPOWERED,0.75,TRUE
BTC,complement_w0.50,0.5,gross,95411,0.6163561170604552,0.48017430528921795,1.1593492021937115,0.4141757327133498,0.5501480820955597,-0.9148538221018365,-1.2283897726412185,9.08951798010732,0.3905185528982121,TRUE,36.04128661391637,UNDERPOWERED,0.75,TRUE
BTC,complement_w0.50,0.5,net,95411,0.5786050203487023,0.45654155854094763,1.1594850454086942,0.393745102921984,0.5229752613123645,-0.9155153788639805,-1.2402005737406754,9.08951798010732,0.3648991566511708,TRUE,39.878527636644876,UNDERPOWERED,0.75,TRUE
BTC,volsizing_w0.50,0.5,gross,95411,0.5026989916829414,0.4072628190457484,0.7520605286374464,0.5415293098596878,0.6251754335884303,-0.7841134283798952,-0.6367676949155965,2.01989288446959,0.5565897908849252,TRUE,21.082721456154626,UNDERPOWERED,0.75,TRUE
BTC,volsizing_w0.50,0.5,net,95411,0.49482792150581667,0.4020110975461301,0.752054812880041,0.5345502623759609,0.6169420103298564,-0.7866245823710781,-0.6369945586385515,2.01989288446959,0.5474796721638009,TRUE,21.636820826353784,UNDERPOWERED,0.75,TRUE
BTC,overlay_w0.75,0.75,gross,95411,0.5433238622151346,0.4339384426175477,0.8376941829947439,0.5180153466820366,0.6128751526286575,-0.8392265843709853,-0.37064748028104727,2.3412394797259486,0.5258044482227898,TRUE,23.04014161728487,UNDERPOWERED,0.75,TRUE
BTC,overlay_w0.75,0.75,net,95411,0.5339578416959845,0.4278512199702651,0.837702394285905,0.5107436995390047,0.6042250338166929,-0.8392265843709853,-0.37176651032499297,2.3412394797259486,0.5162441282216547,TRUE,23.70087054382325,UNDERPOWERED,0.75,TRUE
BTC,complement_w0.75,0.75,gross,95411,0.5769856029232234,0.4555151785309953,0.9637570675898252,0.47264522756772404,0.5916483655140364,-0.8633586073051384,-0.7317336738542799,3.09104820199075,0.46612891304680504,TRUE,27.67575424863292,UNDERPOWERED,0.75,TRUE
BTC,complement_w0.75,0.75,net,95411,0.5643625945584512,0.44747845320582386,0.9637836659197532,0.46429346027439516,0.581161611724932,-0.8637134134782458,-0.7348164926230117,3.09104820199075,0.4551868157555434,TRUE,28.680374700651004,UNDERPOWERED,0.75,TRUE
BTC,volsizing_w0.75,0.75,gross,95411,0.5299334184413198,0.42522421709881547,0.8101744829863239,0.5248551096443178,0.620353334792902,-0.8076778643421163,-0.5589897996129399,1.0558530986986356,0.5347835058367311,TRUE,22.443552332063224,UNDERPOWERED,0.75,TRUE
BTC,volsizing_w0.75,0.75,net,95411,0.5257391772829334,0.4224789990421966,0.8101652475475745,0.5214726258884461,0.6162574380698667,-0.8086753437534152,-0.5592184712430206,1.0558530986986356,0.5303449988409157,TRUE,22.735651091302447,UNDERPOWERED,0.75,TRUE
SOL,benchmark,NA,gross,38773,0.3985780745114065,0.3354560594247276,1.0525195083267198,0.31871718934505144,0.3288987250840196,-0.9680287625159468,0.0791332016667469,0.22593041549540893,0.16494861000732275,TRUE,60.863654259039976,UNDERPOWERED,1.17,TRUE
SOL,benchmark,NA,net,38773,0.39775676431542273,0.3348686403444359,1.052518871056425,0.3181592744349795,0.32833798649461365,-0.9680287625159468,0.07915096989425847,0.22593041549540893,0.16465746689282978,TRUE,61.07729848697509,UNDERPOWERED,1.17,TRUE
SOL,overlay_w0.00,0,gross,38773,0.43927760540192184,0.3641413247976299,0.9944879665139298,0.36615960882270704,0.37395736865450346,-0.9702145423487067,-0.013048898833777384,7.003842880356037,0.19092051884231492,TRUE,46.11353324046936,UNDERPOWERED,1.17,TRUE
SOL,overlay_w0.00,0,net,38773,0.4133055654686988,0.3459313333087099,0.9946093734519567,0.3478062267884103,0.35501810420663865,-0.9714281983224219,-0.013993723632684533,7.003842880356037,0.18058921122994664,TRUE,51.10865528744511,UNDERPOWERED,1.17,TRUE
SOL,complement_w0.00,0,gross,38773,0.35902943474049276,0.30677079405181884,1.2100270845136711,0.25352390700834176,0.2655864338051694,-0.9656825811364578,0.46739302944017713,7.003842880356037,0.13318134372291773,TRUE,96.19020415438897,UNDERPOWERED,1.17,TRUE
SOL,complement_w0.00,0,net,38773,0.3345054884100307,0.28856080256289207,1.2100194832162707,0.23847616221508117,0.2497575116697064,-0.9670808990973171,0.45764989527429784,7.003842880356037,0.12649103355519703,TRUE,108.71229759298573,UNDERPOWERED,1.17,TRUE
SOL,volsizing_w0.00,0,gross,38773,0.44570565926388817,0.36859754787389337,0.8548820814387549,0.431167708245269,0.4343225611229614,-0.9354777171169856,-0.10361608744017108,11.974312021253665,0.23033563324004427,TRUE,33.256554307089054,UNDERPOWERED,1.17,TRUE
SOL,volsizing_w0.00,0,net,38773,0.4013896292079606,0.33746433661864955,0.854900130414126,0.39474123890375,0.397475069600796,-0.9374597321302788,-0.1031252638846593,11.974312021253665,0.20771430216873293,TRUE,39.67751395525971,UNDERPOWERED,1.17,TRUE
SOL,overlay_w0.25,0.25,gross,38773,0.42899301150213476,0.3569700084544088,0.9982140052099003,0.3576086957218624,0.36580300871890803,-0.9696825221002323,-0.011103347624179371,5.309364764140643,0.1860627662329224,TRUE,48.345168355182935,UNDERPOWERED,1.17,TRUE
SOL,overlay_w0.25,0.25,net,38773,0.40940222425603867,0.3431656600676482,0.9982880517908158,0.3437541493680585,0.3514994100568541,-0.9706138235619534,-0.011970039651815737,5.309364764140643,0.17835639669478737,TRUE,52.32066298369811,UNDERPOWERED,1.17,TRUE
SOL,complement_w0.25,0.25,gross,38773,0.35902943474049276,0.30677079405181884,1.2100270845136711,0.25352390700834176,0.2655864338051694,-0.9656825811364578,0.46739302944017713,7.003842880356037,0.13318134372291773,TRUE,96.19020415438897,UNDERPOWERED,1.17,TRUE
SOL,complement_w0.25,0.25,net,38773,0.3345054884100307,0.28856080256289207,1.2100194832162707,0.23847616221508117,0.2497575116697064,-0.9670808990973171,0.45764989527429784,7.003842880356037,0.12649103355519703,TRUE,108.71229759298573,UNDERPOWERED,1.17,TRUE
SOL,volsizing_w0.25,0.25,gross,38773,0.43377693511083826,0.360312175761594,0.868553261181221,0.4148417740917514,0.4193048092905233,-0.945865746130515,-0.09509678445785114,9.037216619815043,0.22003078892984823,TRUE,35.92564908729817,UNDERPOWERED,1.17,TRUE
SOL,volsizing_w0.25,0.25,net,38773,0.4004805287486435,0.3368154125500693,0.8685382145090608,0.38779573186708133,0.3918396555983056,-0.9471177817247458,-0.09518900179258505,9.037216619815043,0.2035550310748526,TRUE,41.11150327395506,UNDERPOWERED,1.17,TRUE
SOL,overlay_w0.50,0.5,gross,38773,0.41878190785279257,0.34979869211118425,1.0093090021034608,0.3465724484594735,0.3553495479416987,-0.9691409990417592,4.5819777006652436e-4,3.614886647924634,0.1799075140745902,TRUE,51.473189994117696,UNDERPOWERED,1.17,TRUE
SOL,overlay_w0.50,0.5,net,38773,0.40550966349524376,0.3403999868265849,1.0093467220138501,0.3372478251550848,0.3457149422162867,-0.9697762368858357,-4.5893181542864403e-4,3.614886647924634,0.17480778444862854,TRUE,54.35891557633936,UNDERPOWERED,1.17,TRUE
SOL,complement_w0.50,0.5,gross,38773,0.35902943474049276,0.30677079405181884,1.2100270845136711,0.25352390700834176,0.2655864338051694,-0.9656825811364578,0.46739302944017713,7.003842880356037,0.13318134372291773,TRUE,96.19020415438897,UNDERPOWERED,1.17,TRUE
SOL,complement_w0.50,0.5,net,38773,0.3345054884100307,0.28856080256289207,1.2100194832162707,0.23847616221508117,0.2497575116697064,-0.9670808990973171,0.45764989527429784,7.003842880356037,0.12649103355519703,TRUE,108.71229759298573,UNDERPOWERED,1.17,TRUE
SOL,volsizing_w0.50,0.5,gross,38773,0.42194663656676545,0.35202680364930783,0.9083322938203153,0.3875528879070605,0.3941191435019946,-0.9545813118962457,-0.06054709285362359,6.100121218372016,0.2034105100369047,TRUE,41.16304090653866,UNDERPOWERED,1.17,TRUE
SOL,volsizing_w0.50,0.5,net,38773,0.3995720180351239,0.3361664884815269,0.9083044933174744,0.3701032979080822,0.37629196708178236,-0.9552843455110053,-0.06139388075343012,6.100121218372016,0.1931868956700904,TRUE,45.13603281760226,UNDERPOWERED,1.17,TRUE
SOL,overlay_w0.75,0.75,gross,38773,0.40864376931727464,0.3426273757679583,1.027534281730193,0.33344617484784267,0.3429138456029598,-0.9685898034365186,0.02913541196031395,1.920408531710584,0.17275521699661717,TRUE,55.605480601371426,UNDERPOWERED,1.17,TRUE
SOL,overlay_w0.75,0.75,net,38773,0.4016278534122981,0.33763431358551155,1.0275471368428666,0.32858279827715864,0.33788793421160346,-0.9689147766907698,0.028416960199441958,1.920408531710584,0.17015190229935753,TRUE,57.26369969979429,UNDERPOWERED,1.17,TRUE
SOL,complement_w0.75,0.75,gross,38773,0.3852689441645303,0.32589430430042365,1.0955314944627919,0.297475979419679,0.308517791328981,-0.9672650886228104,0.17962171945549757,2.48523457044861,0.15409928203544224,TRUE,69.8658716391658,UNDERPOWERED,1.17,TRUE
SOL,complement_w0.75,0.75,net,38773,0.37634673362958315,0.3194326944172635,1.0955368228543778,0.29157641053542527,0.3023731500038529,-0.9677158800169169,0.1775616771461286,2.48523457044861,0.1511716971413966,TRUE,72.72171095013219,UNDERPOWERED,1.17,TRUE
SOL,volsizing_w0.75,0.75,gross,38773,0.4102139515079031,0.3437414315370144,0.9710158282078184,0.3540018829265122,0.36265281050707454,-0.9618936794799171,0.0012324066491026888,3.1630258169355328,0.1840369271143431,TRUE,49.33533172770597,UNDERPOWERED,1.17,TRUE
SOL,volsizing_w0.75,0.75,net,38773,0.3986640966848325,0.33551756441299163,0.970994078528025,0.3455402785994517,0.3539540289045903,-0.9621897525937406,3.5030792546733797e-4,3.1630258169355328,0.17933845454449365,TRUE,51.78116163485042,UNDERPOWERED,1.17,TRUE
