"name","time"
"__generated_at__","2026-08-27T13:46:09Z"
"add_crowding","2026-08-18T13:44:47Z"
"add_params","2026-06-16T07:16:26Z"
"add_spy_daily","2026-08-25T18:09:17Z"
"add_spy_month_start","2026-06-16T07:16:39Z"
"art_diagram_seed","2026-08-26T09:58:54Z"
"art_vignette_seed","2026-08-26T09:58:44Z"
"asset_monthly_returns","2026-08-25T18:09:07Z"
"asset_monthly_returns_wide","2026-06-26T08:53:12Z"
"avoid_worst_register_runs","2026-08-26T10:12:59Z"
"aw_alpha_decay","2026-08-18T19:30:48Z"
"aw_asymmetry_table","2026-05-18T20:42:20Z"
"aw_bootstrap_ci","2026-05-18T20:51:56Z"
"aw_clustering","2026-05-18T20:41:56Z"
"aw_clustering_caption","2026-05-18T20:42:20Z"
"aw_clustering_plot","2026-08-25T18:12:30Z"
"aw_cross_market","2026-08-25T18:12:08Z"
"aw_cumret_caption","2026-08-18T19:30:43Z"
"aw_cumret_plot","2026-08-25T18:12:07Z"
"aw_daily_ff","2026-08-25T18:09:04Z"
"aw_daily_returns","2026-08-25T18:11:32Z"
"aw_daily_rf","2026-08-18T13:38:41Z"
"aw_metrics","2026-08-18T18:06:52Z"
"aw_multi_index","2026-08-18T19:30:43Z"
"aw_net_benefit_plot","2026-08-25T18:12:29Z"
"aw_params","2026-08-16T19:04:50Z"
"aw_practical_backtest","2026-05-18T20:42:18Z"
"aw_practical_caption","2026-05-18T20:51:54Z"
"aw_practical_params","2026-04-21T22:43:27Z"
"aw_practical_plot","2026-08-25T18:12:36Z"
"aw_practical_sensitivity","2026-08-18T19:30:53Z"
"aw_remove_days","2026-08-18T19:30:43Z"
"aw_rolling","2026-05-18T20:41:55Z"
"aw_rolling_plot","2026-08-25T18:12:30Z"
"aw_subperiod","2026-05-18T20:42:19Z"
"aw_transaction_costs","2026-05-18T20:51:53Z"
"aw_vix_daily","2026-08-25T18:12:07Z"
"aw_walkforward","2026-08-18T19:30:53Z"
"aw_walkforward_curve","2026-08-25T18:12:37Z"
"backtest_results","2026-05-18T21:00:28Z"
"baseline_regime_performance","2026-05-18T21:01:12Z"
"bdbb_sol_caption","2026-06-26T11:51:26Z"
"bdbb_sol_data","2026-08-25T18:10:47Z"
"bdbb_sol_dv","2026-06-26T11:51:05Z"
"bdbb_sol_fit","2026-08-26T09:59:45Z"
"bdbb_sol_metrics","2026-08-25T18:55:20Z"
"bdbb_sol_params","2026-06-26T11:49:59Z"
"bdbb_sol_tail_predict","2026-08-26T09:59:46Z"
"best_regime_by_strategy","2026-05-18T21:01:13Z"
"boot_ci_summary","2026-08-18T13:29:01Z"
"boot_draws","2026-08-18T13:28:58Z"
"boot_metrics","2026-08-18T13:29:01Z"
"boot_monthly_returns","2026-08-18T13:44:47Z"
"boot_params","2026-04-20T18:05:51Z"
"boot_sharpe_plot","2026-08-25T18:38:51Z"
"borrow_sensitivity_sweep","2026-08-26T09:52:06Z"
"bt_comparison","2026-08-18T19:31:18Z"
"bt_drawdowns","2026-05-18T21:00:24Z"
"bt_equalwt","2026-08-06T21:59:33Z"
"bt_expanding","2026-08-06T21:59:33Z"
"bt_metrics_is","2026-08-24T22:19:46Z"
"bt_oos","2026-08-06T21:59:33Z"
"bt_oos_vs_is","2026-08-18T19:31:06Z"
"bt_params","2026-08-06T20:57:07Z"
"bt_partitions","2026-08-06T20:56:50Z"
"bt_portfolio","2026-05-18T20:54:22Z"
"bt_prices","2026-08-25T18:11:16Z"
"bt_regime_map","2026-05-18T20:54:22Z"
"bt_replication","2026-08-06T21:59:33Z"
"bt_replication_metrics","2026-08-18T19:31:05Z"
"bt_returns","2026-08-06T21:58:57Z"
"bt_topone","2026-08-06T22:00:13Z"
"cb_caption","2026-05-13T11:28:43Z"
"cb_data","2026-08-25T18:09:24Z"
"cb_events","2026-08-25T18:12:09Z"
"cb_params","2026-05-10T18:34:10Z"
"cb_plot","2026-08-25T18:12:10Z"
"cb_regime","2026-08-25T18:11:57Z"
"cb_vs_spy","2026-08-25T18:12:31Z"
"cg_caption","2026-08-18T20:13:47Z"
"cg_dag","2026-05-06T10:38:45Z"
"cg_params","2026-05-06T10:38:45Z"
"cg_plot","2026-05-06T10:38:45Z"
"cg_test_data","2026-08-25T18:13:03Z"
"cg_test_implications","2026-08-18T20:13:44Z"
"cg_test_split","2026-08-18T20:13:44Z"
"cmr_deduplicated_returns","2026-08-26T09:51:46Z"
"cmr_metrics_1m","2026-08-26T09:51:52Z"
"cmr_metrics_3m","2026-08-26T09:51:51Z"
"cmr_metrics_6m","2026-08-26T09:51:52Z"
"cmr_portfolio_1m","2026-08-26T09:51:50Z"
"cmr_portfolio_3m","2026-08-26T09:51:49Z"
"cmr_portfolio_6m","2026-08-26T09:51:51Z"
"cmr_registry_run","2026-08-26T09:52:07Z"
"cmr_returns_1m","2026-08-26T09:51:52Z"
"cmr_returns_3m","2026-08-26T09:51:51Z"
"cmr_returns_6m","2026-08-26T09:51:52Z"
"cmr_signals_1m","2026-08-26T09:51:48Z"
"cmr_signals_3m","2026-08-26T09:51:47Z"
"cmr_signals_6m","2026-08-26T09:51:49Z"
"cmr_summary","2026-08-26T09:52:05Z"
"cmr_tradeable_returns","2026-08-26T09:51:45Z"
"cmr_vs_mom_compare","2026-08-26T09:52:06Z"
"code_vig_cr_corr","2026-06-16T06:19:48Z"
"code_vig_cr_coverage","2026-04-13T11:14:31Z"
"code_vig_cr_major","2026-04-13T11:14:30Z"
"code_vig_cr_stable","2026-04-13T11:14:29Z"
"code_vig_eq_aapl","2026-06-16T06:19:46Z"
"code_vig_eq_coverage","2026-04-13T11:14:29Z"
"code_vig_eq_faang","2026-06-26T17:09:58Z"
"code_vig_eq_vol","2026-06-26T17:09:58Z"
"code_vig_fa_coverage","2026-04-13T11:14:29Z"
"code_vig_fa_ff3","2026-04-13T11:14:30Z"
"code_vig_fa_ff5","2026-04-13T11:14:30Z"
"code_vig_fa_mom","2026-04-13T11:14:31Z"
"code_vig_lse_coverage","2026-04-13T11:14:30Z"
"code_vig_lse_currency","2026-04-13T13:09:00Z"
"code_vig_lse_families","2026-04-13T13:09:00Z"
"code_vig_lse_ftse_vs_global","2026-04-13T11:14:30Z"
"code_vig_lse_liquid","2026-04-13T13:09:00Z"
"code_vig_lse_yield","2026-04-13T13:09:00Z"
"code_vig_ma_coverage","2026-04-13T11:14:29Z"
"code_vig_ma_rates","2026-04-13T11:14:30Z"
"code_vig_ma_spreads","2026-08-04T17:03:49Z"
"code_vig_ma_yc","2026-05-10T18:34:18Z"
"code_vig_meta_cr_corr","2026-04-13T11:14:29Z"
"code_vig_meta_cr_major","2026-04-13T11:14:30Z"
"code_vig_meta_cr_stable","2026-04-13T11:14:31Z"
"code_vig_meta_eq_aapl","2026-04-13T11:14:30Z"
"code_vig_meta_eq_faang","2026-04-13T11:14:31Z"
"code_vig_meta_eq_vol","2026-04-13T11:14:30Z"
"code_vig_meta_lse_currency","2026-04-13T11:14:30Z"
"code_vig_meta_lse_ftse_global","2026-04-13T11:14:29Z"
"code_vig_meta_lse_liquid","2026-04-13T11:14:30Z"
"code_vig_meta_lse_yield","2026-04-13T11:14:30Z"
"code_vig_setup","2026-04-13T11:14:31Z"
"commodities_backtest","2026-05-18T20:42:13Z"
"commodities_cumret_plot","2026-05-18T20:51:45Z"
"commodities_perf_summary","2026-05-18T20:51:43Z"
"commodities_raw","2026-05-18T19:24:58Z"
"commodities_rescue_test","2026-05-18T20:54:34Z"
"commodities_returns","2026-05-18T20:40:02Z"
"commodities_rolling_sharpe_plot","2026-05-18T20:51:44Z"
"commodities_signals","2026-05-18T20:41:49Z"
"commodities_turnover_plot","2026-05-18T20:51:45Z"
"component_stats","2026-05-18T20:54:32Z"
"contagion_pairs","2026-06-26T11:51:25Z"
"contagion_table","2026-06-26T11:51:26Z"
"corr_heatmap_calm","2026-06-26T11:51:25Z"
"corr_heatmap_crisis","2026-06-26T11:51:24Z"
"corr_heatmap_unconditional","2026-06-26T11:51:25Z"
"corr_heatmap_vix_high","2026-06-26T11:51:25Z"
"cov_annual","2026-08-25T18:12:01Z"
"cov_diag_4asset","2026-08-25T18:12:01Z"
"cov_diag_summary","2026-06-28T13:09:42Z"
"cov_diag_vig_caption","2026-07-03T09:23:09Z"
"cov_diag_vig_cond_plot","2026-08-04T17:04:20Z"
"cov_diag_vig_sharpe_plot","2026-08-04T17:04:20Z"
"cov_diag_vig_table","2026-08-04T17:04:19Z"
"cov_diag_wide","2026-08-25T18:10:41Z"
"cov_diag_wide_panel","2026-08-25T18:09:10Z"
"cov_rolling_60m","2026-08-25T18:12:02Z"
"cpi_monthly_changes","2026-08-25T18:08:57Z"
"crisis_severity_plot","2026-05-18T20:54:42Z"
"crypto_bt_baseline","2026-06-26T18:50:34Z"
"crypto_bt_btc_adj","2026-06-26T18:50:28Z"
"crypto_bt_residual","2026-06-26T18:50:39Z"
"crypto_btc_beta","2026-06-26T18:50:22Z"
"crypto_cumulative_plot","2026-08-25T18:12:58Z"
"crypto_mom_params","2026-05-18T19:24:41Z"
"crypto_performance_summary","2026-06-26T18:50:39Z"
"crypto_rescue_test","2026-06-26T18:50:39Z"
"crypto_returns","2026-06-26T18:50:22Z"
"crypto_rolling_sharpe_plot","2026-08-25T18:12:59Z"
"crypto_signals","2026-06-26T18:50:23Z"
"crypto_universe","2026-06-26T18:50:22Z"
"cumulative_returns_plot","2026-05-18T21:01:05Z"
"daily_rf","2026-08-25T18:09:06Z"
"decay_analysis","2026-08-25T11:34:36Z"
"decay_caption","2026-08-24T22:19:52Z"
"decay_delayed_returns","2026-06-27T18:11:34Z"
"decay_half_life","2026-08-18T20:13:46Z"
"decay_metrics","2026-08-18T19:32:19Z"
"decay_params","2026-04-20T18:05:49Z"
"decay_plot","2026-08-25T18:38:29Z"
"decay_regimes","2026-08-25T18:09:05Z"
"decay_scores","2026-08-25T11:34:35Z"
"decomposed_regime_performance","2026-05-18T21:01:15Z"
"digest_prior","2026-06-26T08:45:12Z"
"digest_snapshot_path","2026-08-27T13:45:33Z"
"dispersion_plot","2026-05-18T21:00:29Z"
"drif_cpcv_params","2026-06-16T06:19:46Z"
"drif_cumret_plot","2026-08-25T18:12:46Z"
"drif_daily","2026-08-25T18:11:13Z"
"drif_features","2026-08-06T21:00:24Z"
"drif_metrics","2026-08-18T18:01:39Z"
"drif_multiverse","2026-08-26T10:01:24Z"
"drif_multiverse_caption","2026-06-16T06:24:41Z"
"drif_multiverse_grid","2026-06-16T06:21:35Z"
"drif_multiverse_plot","2026-08-25T18:12:34Z"
"drif_params","2026-08-06T20:57:07Z"
"drif_path_sharpe","2026-08-25T18:12:46Z"
"drif_pbo","2026-08-25T18:12:46Z"
"drif_portfolio","2026-08-26T10:13:20Z"
"drif_register_runs","2026-08-26T10:13:25Z"
"drif_selection_freq","2026-06-16T06:25:02Z"
"drif_signal","2026-08-06T21:01:50Z"
"drif_vs_max","2026-06-16T06:25:02Z"
"drif_vs_max_plot","2026-08-25T18:13:09Z"
"dv_frequency_alignment","2026-08-27T13:45:56Z"
"dv_join_key_types","2026-08-27T13:45:58Z"
"dv_monthly_convention","2026-08-27T13:45:54Z"
"ecb_caption","2026-08-25T18:12:12Z"
"ecb_params","2026-05-07T16:52:46Z"
"ecb_raw","2026-08-25T18:10:39Z"
"ecb_summary","2026-08-25T18:12:03Z"
"ecb_yield_spread","2026-08-25T18:12:02Z"
"enhanced_crisis","2026-05-18T20:51:56Z"
"equity_daily_liquidity_filtered","2026-08-04T18:22:50Z"
"equity_daily_liquidity_summary_tbl","2026-08-04T18:22:51Z"
"equity_daily_volume_stats","2026-08-04T18:22:51Z"
"equity_daily_with_adv","2026-08-25T18:12:26Z"
"etf_a_features","2026-08-06T21:59:31Z"
"etf_a_metrics","2026-08-06T22:00:14Z"
"etf_a_portfolio","2026-08-06T22:00:14Z"
"etf_a_signal","2026-08-06T22:00:11Z"
"etf_b_metrics","2026-08-06T21:22:13Z"
"etf_b_portfolio","2026-08-06T21:19:10Z"
"etf_comparison_plot","2026-08-25T18:13:00Z"
"etf_daily","2026-08-25T18:11:11Z"
"etf_monthly","2026-08-06T21:58:57Z"
"etf_params","2026-08-06T20:57:07Z"
"eur_caption","2026-08-18T19:31:42Z"
"eur_ciss_regime","2026-08-25T18:12:02Z"
"eur_ciss_results","2026-08-25T18:12:52Z"
"eur_comparison","2026-08-25T18:38:20Z"
"eur_daily","2026-08-18T19:31:15Z"
"eur_ff_regression","2026-08-25T18:12:54Z"
"eur_params","2026-08-18T19:30:39Z"
"eur_results","2026-08-25T18:12:52Z"
"ev_caption","2026-08-18T19:30:45Z"
"ev_data","2026-08-25T18:09:03Z"
"ev_metrics","2026-08-18T18:01:38Z"
"ev_params","2026-06-16T07:13:45Z"
"ev_portfolios","2026-06-16T07:16:36Z"
"ev_underperformance_periods","2026-08-18T19:30:42Z"
"fals_avoid_worst_input","2026-05-13T16:42:25Z"
"fals_cmr_input","2026-08-26T09:51:56Z"
"fals_cmr_summary","2026-08-26T09:52:06Z"
"fals_delta_z","2026-08-25T18:38:29Z"
"fals_drif_input","2026-06-13T18:18:57Z"
"fals_dsr_avoid_worst","2026-08-25T18:12:55Z"
"fals_dsr_cmr_1m","2026-08-26T09:51:59Z"
"fals_dsr_cmr_3m","2026-08-26T09:51:56Z"
"fals_dsr_cmr_6m","2026-08-26T09:52:02Z"
"fals_dsr_drif","2026-08-25T18:13:01Z"
"fals_dsr_fac_max","2026-08-25T18:12:47Z"
"fals_dsr_ltr","2026-08-25T18:12:08Z"
"fals_dsr_rsc","2026-08-25T18:38:20Z"
"fals_dsr_tom","2026-08-25T18:12:48Z"
"fals_fac_max_input","2026-06-13T17:00:32Z"
"fals_factors","2026-08-25T18:08:59Z"
"fals_ff_avoid_worst","2026-08-25T18:12:54Z"
"fals_ff_drif","2026-08-25T18:13:00Z"
"fals_ff_fac_max","2026-08-25T18:12:47Z"
"fals_ff_ltr","2026-08-25T18:12:08Z"
"fals_ff_rsc","2026-08-25T18:38:20Z"
"fals_ff_tom","2026-08-25T18:12:48Z"
"fals_fn_avoid_worst","2026-08-25T18:12:55Z"
"fals_fn_cmr_1m","2026-08-26T09:52:00Z"
"fals_fn_cmr_3m","2026-08-26T09:51:57Z"
"fals_fn_cmr_6m","2026-08-26T09:52:03Z"
"fals_fn_drif","2026-08-25T18:13:01Z"
"fals_fn_fac_max","2026-08-25T18:12:47Z"
"fals_fn_ltr","2026-08-25T18:12:08Z"
"fals_fn_rsc","2026-08-25T18:38:20Z"
"fals_fn_tom","2026-08-25T18:12:48Z"
"fals_garch_avoid_worst","2026-08-25T18:12:55Z"
"fals_garch_cmr_1m","2026-08-26T09:52:01Z"
"fals_garch_cmr_3m","2026-08-26T09:51:58Z"
"fals_garch_cmr_6m","2026-08-26T09:52:04Z"
"fals_garch_drif","2026-08-25T18:13:01Z"
"fals_garch_fac_max","2026-08-25T18:12:47Z"
"fals_garch_ltr","2026-08-25T18:12:09Z"
"fals_garch_rsc","2026-08-25T18:38:21Z"
"fals_garch_tom","2026-08-25T18:12:49Z"
"fals_gjr_avoid_worst","2026-08-25T18:12:56Z"
"fals_gjr_cmr_1m","2026-08-26T09:52:00Z"
"fals_gjr_cmr_3m","2026-08-26T09:51:57Z"
"fals_gjr_cmr_6m","2026-08-26T09:52:03Z"
"fals_gjr_drif","2026-08-25T18:13:00Z"
"fals_gjr_fac_max","2026-08-25T18:12:47Z"
"fals_gjr_ltr","2026-08-25T18:12:09Z"
"fals_gjr_rsc","2026-08-25T18:38:21Z"
"fals_gjr_tom","2026-08-25T18:12:50Z"
"fals_hac_avoid_worst","2026-08-25T18:12:56Z"
"fals_hac_cmr_1m","2026-08-26T09:51:59Z"
"fals_hac_cmr_3m","2026-08-26T09:51:56Z"
"fals_hac_cmr_6m","2026-08-26T09:52:02Z"
"fals_hac_drif","2026-08-25T18:13:01Z"
"fals_hac_fac_max","2026-08-25T18:12:47Z"
"fals_hac_ltr","2026-08-25T18:12:09Z"
"fals_hac_rsc","2026-08-25T18:38:22Z"
"fals_hac_tom","2026-08-25T18:12:50Z"
"fals_keff","2026-08-25T18:38:20Z"
"fals_ltr_input","2026-08-17T15:24:12Z"
"fals_ma1_avoid_worst","2026-08-25T18:12:56Z"
"fals_ma1_cmr_1m","2026-08-26T09:52:01Z"
"fals_ma1_cmr_3m","2026-08-26T09:51:57Z"
"fals_ma1_cmr_6m","2026-08-26T09:52:03Z"
"fals_ma1_drif","2026-08-25T18:13:01Z"
"fals_ma1_fac_max","2026-08-25T18:12:47Z"
"fals_ma1_ltr","2026-08-25T18:12:09Z"
"fals_ma1_rsc","2026-08-25T18:38:22Z"
"fals_ma1_tom","2026-08-25T18:12:50Z"
"fals_multiple_testing","2026-05-10T18:38:21Z"
"fals_params","2026-04-24T09:33:18Z"
"fals_results_db","2026-08-27T13:45:59Z"
"fals_rf","2026-08-25T18:08:59Z"
"fals_rsc_input","2026-06-13T17:00:54Z"
"fals_rv_avoid_worst","2026-08-25T18:12:58Z"
"fals_rv_cmr_1m","2026-08-26T09:52:02Z"
"fals_rv_cmr_3m","2026-08-26T09:51:59Z"
"fals_rv_cmr_6m","2026-08-26T09:52:05Z"
"fals_rv_drif","2026-08-25T18:13:01Z"
"fals_rv_fac_max","2026-08-25T18:12:48Z"
"fals_rv_ltr","2026-08-25T18:12:09Z"
"fals_rv_rsc","2026-08-25T18:38:23Z"
"fals_rv_tom","2026-08-25T18:12:51Z"
"fals_spy_ret","2026-08-25T18:08:53Z"
"fals_summary","2026-08-18T13:28:58Z"
"fals_tail_independence","2026-08-25T18:38:24Z"
"fals_tom_input","2026-08-18T13:28:53Z"
"fals_vig_cmr_caption","2026-08-26T09:52:09Z"
"fals_vig_cmr_head_to_head","2026-08-26T09:52:09Z"
"fals_vig_cmr_head_to_head_caption","2026-08-26T09:52:09Z"
"fals_vig_cmr_table","2026-08-26T09:52:08Z"
"fals_vig_ff_alpha_plot","2026-06-16T06:56:03Z"
"fals_vig_ff_caption","2026-07-03T09:23:09Z"
"fals_vig_ff_table","2026-06-16T06:56:03Z"
"fals_vig_hac_caption","2026-08-18T20:13:43Z"
"fals_vig_hac_comparison","2026-08-18T20:13:43Z"
"fals_vig_hac_plot","2026-08-18T20:13:44Z"
"fals_vig_multiplicity","2026-08-18T20:13:48Z"
"fals_vig_multiplicity_caption","2026-08-18T20:13:47Z"
"fals_vig_names","2026-08-24T22:19:43Z"
"fals_vig_null_heatmap","2026-08-18T20:13:49Z"
"fals_vig_null_heatmap_caption","2026-08-18T20:13:48Z"
"fals_vig_null_table","2026-08-18T20:13:49Z"
"fals_vig_scorecard","2026-08-18T20:13:49Z"
"fals_vig_scorecard_caption","2026-08-18T20:13:49Z"
"fals_vig_tail_caption","2026-08-04T17:04:24Z"
"fals_vig_tail_table","2026-08-04T17:04:24Z"
"fals_wn_avoid_worst","2026-08-25T18:12:58Z"
"fals_wn_cmr_1m","2026-08-26T09:52:00Z"
"fals_wn_cmr_3m","2026-08-26T09:51:56Z"
"fals_wn_cmr_6m","2026-08-26T09:52:03Z"
"fals_wn_drif","2026-08-25T18:13:01Z"
"fals_wn_fac_max","2026-08-25T18:12:48Z"
"fals_wn_ltr","2026-08-25T18:12:09Z"
"fals_wn_rsc","2026-08-25T18:38:23Z"
"fals_wn_tom","2026-08-25T18:12:51Z"
"fe_brier","2026-08-25T18:13:05Z"
"fe_caption","2026-08-18T20:13:47Z"
"fe_crps","2026-08-25T18:13:09Z"
"fe_horizon","2026-08-25T18:13:05Z"
"fe_params","2026-05-01T11:43:48Z"
"fe_summary","2026-08-18T20:13:44Z"
"ff_5factors","2026-08-27T13:45:33Z"
"ff_industries_12","2026-08-27T13:45:33Z"
"ff_momentum","2026-08-27T13:45:49Z"
"fip_caption","2026-08-18T20:13:47Z"
"fip_comparison","2026-08-18T19:32:19Z"
"fip_daily_returns","2026-06-16T07:16:55Z"
"fip_params","2026-06-16T07:13:46Z"
"fip_portfolio","2026-08-16T19:22:50Z"
"fip_returns","2026-08-16T19:25:08Z"
"fip_scores","2026-06-16T07:17:36Z"
"fm_cumret_plot","2026-08-25T18:12:35Z"
"fm_daily","2026-08-25T18:11:15Z"
"fm_etf_corr","2026-04-14T17:47:43Z"
"fm_etf_data","2026-08-25T18:12:27Z"
"fm_etf_plot","2026-08-25T18:12:34Z"
"fm_heatmap","2026-08-25T18:12:27Z"
"fm_metrics","2026-08-18T18:01:39Z"
"fm_monthly","2026-04-14T17:22:59Z"
"fm_params","2026-08-06T20:57:07Z"
"fm_portfolio","2026-08-06T21:11:31Z"
"fm_register_runs","2026-08-26T10:13:21Z"
"fm_selection_freq","2026-06-16T06:24:47Z"
"fm_signal","2026-08-06T21:00:25Z"
"gdn_caption","2026-08-25T11:33:41Z"
"gdn_monthly_counts","2026-08-25T18:10:09Z"
"gdn_params","2026-05-10T18:34:10Z"
"gdn_summary","2026-08-25T11:33:28Z"
"gdn_vs_spy","2026-08-25T18:12:01Z"
"ic_caption","2026-08-18T20:14:11Z"
"ic_contiguity","2026-08-27T13:45:58Z"
"ic_params","2026-08-04T17:04:11Z"
"ic_walkforward","2026-08-25T18:38:44Z"
"interp_caption","2026-06-16T06:24:41Z"
"interp_drif_coef_stability","2026-08-06T20:58:32Z"
"interp_drif_selection_freq","2026-06-16T06:24:27Z"
"interp_ltr_importance_plot","2026-04-30T05:55:54Z"
"interp_ltr_importance_stability","2026-04-30T05:56:34Z"
"jst_crises","2026-05-18T20:38:43Z"
"jst_equity_premium","2026-05-18T20:38:44Z"
"jst_ff_comparison","2026-08-25T18:09:21Z"
"jst_pervasiveness","2026-05-18T20:38:43Z"
"jst_raw","2026-08-25T18:08:56Z"
"jst_summary","2026-05-18T20:41:35Z"
"jt_caption","2026-06-16T07:17:37Z"
"jt_country_metrics","2026-06-16T07:16:42Z"
"jt_data","2026-06-16T07:16:35Z"
"jt_params","2026-06-16T07:13:45Z"
"jt_pervasiveness","2026-06-16T07:16:56Z"
"jt_pooled","2026-06-16T07:16:42Z"
"jt_sensitivity","2026-06-16T07:16:36Z"
"kalshi_caption","2026-08-27T13:45:54Z"
"kalshi_implied_rates","2026-08-27T13:45:54Z"
"kalshi_markets","2026-08-27T13:45:52Z"
"kalshi_params","2026-05-01T15:17:33Z"
"kalshi_summary","2026-08-27T13:45:54Z"
"kelly_comparison_plot","2026-08-25T18:38:51Z"
"kelly_edge_estimates","2026-08-18T20:13:45Z"
"kelly_metrics","2026-08-18T20:14:06Z"
"kelly_params","2026-04-20T18:05:52Z"
"kelly_sized_returns","2026-08-18T20:14:05Z"
"kelly_sizing_table","2026-08-05T14:35:39Z"
"kv_bayesian","2026-08-25T18:13:05Z"
"kv_bounded","2026-08-25T18:13:05Z"
"kv_caption","2026-08-18T20:13:49Z"
"kv_comparison","2026-08-18T20:13:44Z"
"kv_params","2026-05-10T18:34:13Z"
"kv_sweep","2026-08-18T19:32:09Z"
"leaderboard","2026-08-27T09:07:43Z"
"ltr_alpha_decay","2026-04-24T15:36:14Z"
"ltr_caption","2026-08-18T19:30:45Z"
"ltr_feature_importance","2026-04-24T15:33:52Z"
"ltr_features","2026-04-24T15:33:52Z"
"ltr_metrics","2026-08-25T18:11:54Z"
"ltr_params","2026-08-06T20:57:07Z"
"ltr_plot","2026-08-25T18:12:23Z"
"ltr_portfolio","2026-08-18T15:10:34Z"
"ltr_register_runs","2026-08-26T09:59:46Z"
"ltr_subperiod","2026-08-25T18:11:55Z"
"ltr_universe","2026-08-25T18:11:28Z"
"mc_analysis","2026-08-18T19:31:46Z"
"mc_caption","2026-06-16T06:56:04Z"
"mf_caption","2026-08-18T19:31:41Z"
"mf_data","2026-08-25T18:12:02Z"
"mf_metrics","2026-08-18T18:01:39Z"
"mf_params","2026-06-16T07:14:56Z"
"mf_portfolios","2026-06-26T08:53:17Z"
"mf_signals","2026-06-26T08:53:17Z"
"mf_underperformance_periods","2026-08-18T19:31:18Z"
"mom_combined_metrics","2026-08-25T18:13:10Z"
"mom_combined_portfolio","2026-08-16T19:22:48Z"
"mom_combined_returns","2026-08-16T19:23:25Z"
"mom_postpeak_metrics","2026-08-25T18:13:10Z"
"mom_postpeak_portfolio","2026-08-16T19:22:48Z"
"mom_postpeak_returns","2026-08-16T19:24:00Z"
"mom_prepeak_as_of_dates","2026-05-30T21:47:48Z"
"mom_prepeak_cpcv_params","2026-05-31T11:14:18Z"
"mom_prepeak_ff_factors_monthly","2026-08-25T18:09:00Z"
"mom_prepeak_ff_reg","2026-08-25T18:38:19Z"
"mom_prepeak_gauntlet_register","2026-08-26T10:13:29Z"
"mom_prepeak_hac","2026-08-25T18:38:19Z"
"mom_prepeak_metrics","2026-08-25T18:38:19Z"
"mom_prepeak_params","2026-08-16T19:04:50Z"
"mom_prepeak_pbo","2026-08-25T18:38:18Z"
"mom_prepeak_portfolio","2026-08-16T19:22:49Z"
"mom_prepeak_random_peak_metrics","2026-08-25T18:38:19Z"
"mom_prepeak_random_peak_portfolio","2026-08-18T13:38:45Z"
"mom_prepeak_random_peak_returns","2026-08-18T13:39:19Z"
"mom_prepeak_random_peak_signal","2026-05-31T11:26:07Z"
"mom_prepeak_random_peak_test","2026-08-18T20:13:47Z"
"mom_prepeak_register_runs","2026-08-26T10:13:28Z"
"mom_prepeak_returns","2026-08-16T19:24:35Z"
"mom_prepeak_rf_monthly","2026-08-25T18:09:15Z"
"mom_prepeak_signal_raw","2026-08-26T10:12:57Z"
"mom_prepeak_ssr","2026-08-25T18:38:19Z"
"mom_prepeak_summary","2026-08-18T20:13:47Z"
"mom_prepeak_top5pct","2026-08-25T18:38:19Z"
"mom_prepeak_wfc_grid","2026-06-16T06:56:07Z"
"mom_prepeak_wfc_grid_is","2026-08-18T19:33:42Z"
"mom_prepeak_wfc_grid_oos","2026-08-18T19:34:49Z"
"mom_prepeak_wfc_params","2026-05-31T11:14:18Z"
"mom_prepeak_wfc_result","2026-08-25T18:38:45Z"
"momentum_by_regime","2026-08-25T11:34:42Z"
"momentum_comparison","2026-05-18T20:54:33Z"
"momentum_components","2026-05-18T20:51:42Z"
"momentum_dispersion","2026-05-18T20:54:32Z"
"momentum_summary_table","2026-05-18T21:00:28Z"
"mr_caption","2026-08-18T19:31:40Z"
"mr_daily","2026-08-25T18:11:09Z"
"mr_metrics","2026-08-18T19:31:17Z"
"mr_params","2026-08-06T20:57:07Z"
"mr_plot","2026-08-25T18:12:34Z"
"mr_portfolio","2026-08-06T21:18:08Z"
"mr_risk_stats","2026-08-06T21:00:33Z"
"ms_caption","2026-06-16T06:56:08Z"
"ms_metrics","2026-06-16T06:56:04Z"
"ms_params","2026-04-30T06:01:48Z"
"ms_plot","2026-06-16T06:56:04Z"
"ms_portfolio","2026-08-18T19:31:50Z"
"multi_asset_returns","2026-06-26T11:50:15Z"
"nyt_caption","2026-05-04T15:09:35Z"
"nyt_keywords","2026-05-04T15:07:37Z"
"nyt_params","2026-05-04T15:07:36Z"
"nyt_vs_spy","2026-08-25T18:11:56Z"
"olmar_caption","2026-08-18T19:31:18Z"
"olmar_metrics","2026-08-18T18:01:38Z"
"olmar_params","2026-08-06T20:57:07Z"
"olmar_portfolio","2026-08-26T09:59:46Z"
"olmar_prices","2026-08-25T18:11:54Z"
"olmar_research_log","2026-08-26T10:12:58Z"
"optimized_signals","2026-05-18T20:54:24Z"
"path_quantiles","2026-08-25T18:12:33Z"
"path_quantiles_real","2026-08-25T18:12:32Z"
"performance_summary","2026-05-18T21:01:05Z"
"persistence_metrics","2026-05-18T20:54:31Z"
"persistence_plot","2026-05-18T21:00:29Z"
"pkg_source_digest","2026-08-26T09:51:43Z"
"pkg_source_files","2026-08-26T09:50:11Z"
"port_combined","2026-08-05T14:35:52Z"
"port_comparison_plot","2026-08-25T18:38:51Z"
"port_hrp_weights","2026-08-25T18:38:29Z"
"port_metrics","2026-08-18T18:01:42Z"
"port_monthly_returns","2026-08-05T14:35:56Z"
"port_optimal_weights","2026-08-06T21:22:27Z"
"port_params","2026-04-18T11:04:41Z"
"port_returns","2026-08-18T13:44:46Z"
"pso_optimal_register_runs","2026-08-26T10:13:29Z"
"qa_anchor_in_range","2026-08-27T13:45:41Z"
"qa_artefact_registry","2026-08-26T09:59:45Z"
"qa_borrow_status_registry","2026-08-27T13:45:53Z"
"qa_html_quality","2026-08-27T13:45:51Z"
"qa_interval_coverage","2026-08-27T13:46:00Z"
"qa_leaderboard_coverage","2026-08-27T13:46:00Z"
"qa_leaderboard_deflated_sharpe_coverage","2026-08-27T13:46:00Z"
"qa_leaderboard_detection_power_coverage","2026-08-27T13:46:00Z"
"qa_leaderboard_detection_power_values","2026-08-27T13:46:00Z"
"qa_leaderboard_metric_ranges","2026-08-27T13:46:00Z"
"qa_leaderboard_no_validation","2026-08-27T13:46:00Z"
"qa_leaderboard_period_vocab","2026-08-27T13:46:01Z"
"qa_leaderboard_sharpe_coherence","2026-08-27T13:46:00Z"
"qa_legacy_leaderboard_sentinel","2026-08-26T09:58:44Z"
"qa_lending_status_registry","2026-08-27T13:45:54Z"
"qa_look_ahead_bias","2026-08-27T13:45:50Z"
"qa_metadata_sync","2026-08-27T13:45:40Z"
"qa_metric_window_bounds","2026-08-27T13:45:58Z"
"qa_no_bare_diagram_urls","2026-08-27T13:45:51Z"
"qa_no_published_validation_reads","2026-08-27T13:45:49Z"
"qa_pkg_source_tracked","2026-08-27T13:45:54Z"
"qa_portfolio_join_coverage","2026-08-27T13:45:58Z"
"qa_stk_drif_month_coverage","2026-08-27T13:45:58Z"
"qa_summary","2026-08-27T13:46:01Z"
"qa_vignette_cross_refs","2026-08-27T13:45:41Z"
"qa_volume_sanity","2026-08-27T13:45:49Z"
"quiz_json","2026-05-18T20:41:58Z"
"quiz_params","2026-04-26T21:43:10Z"
"quiz_rounds","2026-08-25T18:09:31Z"
"rafi_caption","2026-08-18T19:31:05Z"
"rafi_data","2026-08-25T18:08:56Z"
"rafi_decay","2026-05-01T07:18:01Z"
"rafi_ff_regression","2026-08-25T18:12:08Z"
"rafi_metrics","2026-08-18T19:30:45Z"
"rafi_params","2026-08-18T19:30:40Z"
"rafi_portfolios","2026-08-18T19:30:41Z"
"regime_allocation_comparison","2026-05-18T21:01:14Z"
"regime_allocation_plot","2026-05-18T21:01:14Z"
"regime_classification","2026-08-06T21:22:31Z"
"regime_comparison_table","2026-05-18T21:01:12Z"
"regime_corr_matrices","2026-06-26T11:51:06Z"
"regime_corr_summary","2026-06-26T11:51:25Z"
"regime_cumulative_plot","2026-05-18T21:01:13Z"
"regime_metrics","2026-08-06T21:22:32Z"
"regime_momentum_caption","2026-05-18T21:01:22Z"
"regime_params","2026-04-20T18:05:51Z"
"regime_plot","2026-08-25T18:38:54Z"
"regime_portfolio","2026-08-05T14:35:58Z"
"regime_rescue_test","2026-05-18T21:01:12Z"
"regime_stats","2026-08-25T11:33:21Z"
"regime_transitions_table","2026-05-18T20:54:42Z"
"regime_vol","2026-08-05T14:35:48Z"
"regime_weights","2026-08-05T14:35:57Z"
"reversal_speed_stats","2026-08-25T11:33:23Z"
"rolling_sharpe_plot","2026-05-18T21:01:05Z"
"rsc_alpha_decay","2026-08-25T18:12:29Z"
"rsc_caption","2026-08-18T19:31:18Z"
"rsc_data","2026-08-25T18:09:02Z"
"rsc_metrics","2026-08-25T18:13:10Z"
"rsc_overlay_comparison","2026-08-25T18:13:10Z"
"rsc_overlay_drif","2026-08-18T13:22:21Z"
"rsc_overlay_fac_max","2026-08-18T13:22:21Z"
"rsc_params","2026-08-16T19:04:50Z"
"rsc_plot","2026-08-25T18:12:54Z"
"rsc_plot_signals","2026-08-25T18:12:28Z"
"rsc_portfolio","2026-08-16T19:22:47Z"
"rsc_regime","2026-08-16T19:05:10Z"
"rsc_register_runs","2026-08-26T10:13:26Z"
"rsc_signals","2026-08-16T19:04:53Z"
"rsc_subperiod","2026-08-25T18:12:54Z"
"rsc_thresholds","2026-08-16T19:05:09Z"
"sb_break_results","2026-08-26T09:52:13Z"
"sb_params","2026-06-25T16:43:00Z"
"sb_strategy_returns","2026-08-26T09:52:07Z"
"shadow_avoid_worst","2026-08-25T18:12:36Z"
"shadow_caption","2026-05-18T21:01:05Z"
"shadow_optimal","2026-05-18T21:00:36Z"
"shadow_params","2026-05-10T18:34:20Z"
"shadow_summary","2026-05-18T20:54:41Z"
"simulate_paths","2026-08-25T18:12:12Z"
"sol_bt_monthly_baseline","2026-06-27T10:49:03Z"
"sol_bt_monthly_btc_adj","2026-06-27T10:49:06Z"
"sol_bt_monthly_residual","2026-06-27T10:49:09Z"
"sol_bt_weekly_baseline","2026-06-16T06:26:40Z"
"sol_bt_weekly_btc_adj","2026-06-16T06:26:07Z"
"sol_bt_weekly_residual","2026-06-16T06:26:22Z"
"sol_btc_beta_stats","2026-06-16T06:24:41Z"
"sol_btc_betas","2026-06-16T06:22:41Z"
"sol_btc_returns","2026-06-16T06:22:35Z"
"sol_cumulative_plot","2026-06-16T06:56:02Z"
"sol_performance_summary","2026-06-16T06:56:01Z"
"sol_raw_data","2026-06-16T06:21:36Z"
"sol_returns","2026-06-16T06:22:30Z"
"sol_signals","2026-06-16T06:25:01Z"
"sol_signals_raw","2026-06-16T06:24:40Z"
"sol_vol_weights","2026-06-16T06:22:35Z"
"spike_comparison","2026-08-25T11:33:23Z"
"spike_comparison_table","2026-06-16T06:22:38Z"
"spike_durations","2026-08-25T11:33:21Z"
"spike_timeline_plot","2026-08-25T11:33:37Z"
"spy_tlt_regime_comparison","2026-06-26T11:51:25Z"
"stk_all_caption","2026-08-06T21:22:28Z"
"stk_all_comparison","2026-08-18T20:13:46Z"
"stk_all_comparison_plot","2026-08-25T18:38:45Z"
"stk_daily_ret","2026-06-27T18:11:31Z"
"stk_drif_features","2026-08-06T21:19:07Z"
"stk_drif_metrics","2026-08-18T18:01:40Z"
"stk_drif_plot","2026-08-25T18:38:28Z"
"stk_drif_portfolio","2026-08-18T13:44:46Z"
"stk_drif_register_runs","2026-08-26T10:13:27Z"
"stk_drif_signal","2026-08-06T21:21:06Z"
"stk_max_adv_cap_impact","2026-08-18T19:32:14Z"
"stk_max_hrp_comparison","2026-08-18T19:32:14Z"
"stk_max_metrics","2026-08-18T18:01:40Z"
"stk_max_plot","2026-08-25T18:13:00Z"
"stk_max_portfolio","2026-08-18T13:44:44Z"
"stk_max_portfolio_hrp","2026-08-18T19:31:31Z"
"stk_max_portfolio_hrp_adv","2026-08-18T19:31:40Z"
"stk_max_register_runs","2026-08-26T10:13:25Z"
"stk_max_signal","2026-06-27T18:11:31Z"
"stk_max_vs_factor","2026-08-18T19:32:13Z"
"stk_max_vs_factor_plot","2026-08-25T18:38:28Z"
"stk_monthly","2026-06-27T18:11:28Z"
"stk_monthly_adv","2026-06-27T18:11:29Z"
"stk_params","2026-08-06T20:57:07Z"
"stk_rf","2026-08-25T18:08:55Z"
"stk_top_tickers","2026-08-27T13:45:53Z"
"stk_universe","2026-08-25T18:12:06Z"
"stock_returns_monthly","2026-05-18T13:58:52Z"
"strat_corr_augment","2026-08-05T14:35:55Z"
"strat_corr_matrix","2026-08-05T14:35:48Z"
"strat_corr_matrix_leaderboard","2026-08-26T09:52:13Z"
"strat_deflated_sharpe","2026-08-26T09:52:14Z"
"strat_keff_vertox","2026-08-26T10:13:29Z"
"strat_keff_vertox_leaderboard","2026-08-26T09:52:13Z"
"strat_returns_aligned","2026-08-17T15:24:15Z"
"strat_returns_daily_native","2026-08-26T09:52:06Z"
"strat_returns_wide","2026-08-26T09:52:09Z"
"strategy_correlation","2026-08-05T14:35:38Z"
"strategy_cost_convention","2026-08-24T22:19:43Z"
"strategy_digest_attention","2026-08-26T09:52:17Z"
"strategy_digest_caption","2026-08-26T09:52:17Z"
"strategy_digest_delta","2026-08-26T09:52:15Z"
"strategy_digest_email","2026-08-27T09:07:45Z"
"strategy_gross_convention","2026-08-04T17:04:11Z"
"strategy_names","2026-08-24T22:19:30Z"
"structural_breaks_caption","2026-08-26T09:52:13Z"
"structural_breaks_summary","2026-08-26T09:52:13Z"
"tom_caption","2026-08-18T19:31:40Z"
"tom_daily","2026-08-25T18:11:29Z"
"tom_indicator","2026-08-18T13:28:53Z"
"tom_metrics","2026-08-18T18:01:39Z"
"tom_param_sweep","2026-08-18T19:30:45Z"
"tom_params","2026-08-06T20:57:08Z"
"tom_plot","2026-08-25T18:12:35Z"
"tom_portfolio","2026-08-18T13:28:53Z"
"tom_register_runs","2026-08-26T10:13:21Z"
"tom_rf_daily","2026-08-18T13:28:38Z"
"turnover_analysis","2026-05-18T21:01:04Z"
"vig_cr_corr","2026-06-26T18:00:42Z"
"vig_cr_coverage","2026-05-18T20:41:34Z"
"vig_cr_major","2026-05-18T20:39:01Z"
"vig_cr_stable","2026-05-18T20:41:27Z"
"vig_eq_aapl","2026-06-26T18:00:00Z"
"vig_eq_coverage","2026-05-18T20:41:27Z"
"vig_eq_faang","2026-06-26T17:10:15Z"
"vig_eq_vol","2026-06-26T18:00:37Z"
"vig_fa_coverage","2026-05-18T20:41:28Z"
"vig_fa_ff3","2026-05-18T20:41:29Z"
"vig_fa_ff5","2026-05-18T20:41:30Z"
"vig_fa_mom","2026-05-18T20:41:33Z"
"vig_lse_coverage","2026-05-18T20:41:33Z"
"vig_lse_currency","2026-05-18T20:39:56Z"
"vig_lse_families","2026-05-18T20:39:59Z"
"vig_lse_ftse_vs_global","2026-05-18T20:39:54Z"
"vig_lse_liquid","2026-05-18T20:39:46Z"
"vig_lse_yield","2026-05-18T20:40:03Z"
"vig_ma_coverage","2026-05-18T20:40:00Z"
"vig_ma_rates","2026-05-18T20:40:03Z"
"vig_ma_spreads","2026-08-04T17:04:16Z"
"vig_ma_yc","2026-05-18T20:40:01Z"
"vig_meta_cr_corr","2026-06-26T18:00:39Z"
"vig_meta_cr_major","2026-05-18T20:39:52Z"
"vig_meta_cr_stable","2026-05-18T20:39:57Z"
"vig_meta_eq_aapl","2026-06-26T18:00:44Z"
"vig_meta_eq_faang","2026-05-18T20:41:32Z"
"vig_meta_eq_vol","2026-06-26T18:01:20Z"
"vig_meta_lse_currency","2026-05-18T20:40:00Z"
"vig_meta_lse_ftse_global","2026-05-18T20:39:56Z"
"vig_meta_lse_liquid","2026-05-18T20:39:59Z"
"vig_meta_lse_yield","2026-05-18T20:41:29Z"
"vig_setup","2026-05-18T20:39:58Z"
"vix_daily","2026-08-25T18:08:38Z"
"vix_ma_3m","2026-08-25T11:30:45Z"
"vix_monthly","2026-06-16T06:22:38Z"
"vix_regimes","2026-08-25T11:30:45Z"
"vix_stability","2026-05-18T20:51:56Z"
"vix_stability_table","2026-05-18T20:54:41Z"
"vmo_caption","2026-05-18T20:41:59Z"
"vmo_daily","2026-08-25T18:09:20Z"
"vmo_params","2026-04-30T06:01:48Z"
"vmo_results","2026-05-18T20:41:35Z"
"vol_spikes","2026-08-25T11:30:46Z"
"vol_transitions","2026-05-18T20:51:57Z"
"vvix_daily","2026-05-10T18:34:20Z"
"vvix_regimes","2026-05-18T20:42:18Z"
"wfc_all_summary","2026-08-06T21:22:25Z"
"wfc_drif_grid","2026-08-06T21:19:32Z"
"wfc_drif_grid_is","2026-08-06T21:09:10Z"
"wfc_drif_grid_oos","2026-08-06T21:11:04Z"
"wfc_drif_result","2026-08-25T18:12:46Z"
"wfc_fm_grid","2026-08-06T21:19:33Z"
"wfc_fm_grid_is","2026-08-06T21:14:29Z"
"wfc_fm_grid_oos","2026-08-06T21:14:41Z"
"wfc_fm_result","2026-08-25T18:12:48Z"
"wfc_params","2026-08-06T20:57:07Z"
"wfc_summary","2026-08-06T21:22:27Z"
"ws_diag_raw","2026-08-25T18:12:01Z"
"ws_diag_vig_caption","2026-07-02T09:19:13Z"
"ws_diag_vig_plot","2026-07-02T09:19:13Z"
"ws_diag_vig_table","2026-07-02T09:19:12Z"
"xgb_drif_metrics","2026-08-18T18:01:40Z"
"xgb_drif_portfolio","2026-08-18T13:44:46Z"
"xgb_drif_register_runs","2026-08-26T10:13:27Z"
"xgb_drif_signal","2026-08-06T21:22:12Z"
"xgb_feature_importance","2026-08-06T21:22:12Z"
"xgb_params","2026-04-18T20:49:45Z"
"xgb_vs_enet","2026-08-18T20:13:45Z"
"xgb_vs_enet_plot","2026-08-25T18:38:45Z"
"zak_all_backtests","2026-05-18T21:01:11Z"
"zak_alloc_linear","2026-08-25T11:33:21Z"
"zak_alloc_piecewise","2026-08-25T11:33:21Z"
"zak_alloc_sigmoid","2026-08-25T11:33:21Z"
"zak_alloc_step","2026-08-25T11:33:21Z"
"zak_allocation_plot","2026-05-18T21:01:21Z"
"zak_backtest_linear","2026-08-25T11:34:45Z"
"zak_backtest_piecewise","2026-08-25T11:34:43Z"
"zak_backtest_sigmoid","2026-08-25T11:34:44Z"
"zak_backtest_step","2026-08-25T11:34:46Z"
"zak_baseline_signals","2026-05-18T21:00:25Z"
"zak_caption","2026-05-18T21:01:25Z"
"zak_cumulative_plot","2026-08-25T12:18:16Z"
"zak_performance_table","2026-06-27T09:37:24Z"
"zak_signal_percentile","2026-08-25T11:30:45Z"
"zak_signal_raw","2026-08-25T11:30:45Z"
"zak_signal_relative","2026-08-25T11:30:46Z"
"zak_summary","2026-06-27T09:37:24Z"
"zak_transition_analysis","2026-05-18T21:01:22Z"
"zak_vix_allocation_scatter","2026-05-18T21:01:21Z"
